Unnamed: 0,ID,Sentiment,Word_total,Score,Negscore,Title,Date,Body,Term,Session,Meeting,Sitting,Agenda,Subcorpus,Speaker_role,Speaker_MP,Speaker_Minister,Speaker_party,Speaker_party_name,Party_status,Speaker_name,Speaker_gender,Speaker_birth,Topic_title,Meeting_type,Comission,YearMonth,Government,Caretaker,Bloc
0,ParlaMint-BG_2014-10-27.u1,52.91521129858332,434.0,0.12192444999673577,51.61055688691241,"Report of the meeting of the Bulgarian National Assembly, Term 43, Session 1, Meeting 1 (2014-10-27)",2014-10-27,,43,1,1,2014-10-27,,Reference,Chairperson,MP,-,BSPLB,Парламентарна група: БСП лява България,,"Lambov Danailov, Stefan",M,1942,,,False,2014-10,Bliznashki,True,Left
1,ParlaMint-BG_2014-10-27.u10,49.45698684669692,810.0,0.06105800845271225,35.480183981160216,"Report of the meeting of the Bulgarian National Assembly, Term 43, Session 1, Meeting 1 (2014-10-27)",2014-10-27,,43,1,1,2014-10-27,,Reference,Regular,MP,-,RB,Парламентарна група: Реформаторски блок,,"Milenov Kanev, Radan",M,1975,,,False,2014-10,Bliznashki,True,Right
2,ParlaMint-BG_2014-10-27.u11,0.5189961794265713,10.0,0.05189961794265713,0.5189961794265713,"Report of the meeting of the Bulgarian National Assembly, Term 43, Session 1, Meeting 1 (2014-10-27)",2014-10-27,,43,1,1,2014-10-27,,Reference,Chairperson,MP,-,BSPLB,Парламентарна група: БСП лява България,,"Lambov Danailov, Stefan",M,1942,,,False,2014-10,Bliznashki,True,Left
3,ParlaMint-BG_2014-10-27.u12,64.50100448623662,533.0,0.1210150177978173,62.178641731685566,"Report of the meeting of the Bulgarian National Assembly, Term 43, Session 1, Meeting 1 (2014-10-27)",2014-10-27,,43,1,1,2014-10-27,,Reference,Regular,MP,-,RB,Парламентарна група: Реформаторски блок,,"Shtiliyanova Kuneva, Meglena",F,1957,,,False,2014-10,Bliznashki,True,Right
4,ParlaMint-BG_2014-10-27.u13,1.8827476113097137,17.0,0.11074985948880668,1.8827476113097137,"Report of the meeting of the Bulgarian National Assembly, Term 43, Session 1, Meeting 1 (2014-10-27)",2014-10-27,,43,1,1,2014-10-27,,Reference,Chairperson,MP,-,BSPLB,Парламентарна група: БСП лява България,,"Lambov Danailov, Stefan",M,1942,,,False,2014-10,Bliznashki,True,Left
5,ParlaMint-BG_2014-10-27.u14,58.56560756532871,919.0,0.0637275381559616,48.71939446512571,"Report of the meeting of the Bulgarian National Assembly, Term 43, Session 1, Meeting 1 (2014-10-27)",2014-10-27,,43,1,1,2014-10-27,,Reference,Regular,MP,-,PF,Парламентарна група: Патриотичен фронт,,"Симеонов Симеонов, Валери",M,1955,,,False,2014-10,Bliznashki,True,Right
6,ParlaMint-BG_2014-10-27.u15,0.8009322533295847,18.0,0.04449623629608804,0.24337231587310848,"Report of the meeting of the Bulgarian National Assembly, Term 43, Session 1, Meeting 1 (2014-10-27)",2014-10-27,,43,1,1,2014-10-27,,Reference,Chairperson,MP,-,BSPLB,Парламентарна група: БСП лява България,,"Lambov Danailov, Stefan",M,1942,,,False,2014-10,Bliznashki,True,Left
7,ParlaMint-BG_2014-10-27.u16,89.92951023396101,1418.0,0.06341996490406278,61.958722974006065,"Report of the meeting of the Bulgarian National Assembly, Term 43, Session 1, Meeting 1 (2014-10-27)",2014-10-27,,43,1,1,2014-10-27,,Reference,Regular,MP,-,BDC-NU,Парламентарна група: Български демократичен център - Народен съюз,,"Dimitrov Tanchev, Svetlen",M,1978,,,False,2014-10,Bliznashki,True,Right
8,ParlaMint-BG_2014-10-27.u17,2.718629346768457,27.0,0.10068997580623915,2.718629346768457,"Report of the meeting of the Bulgarian National Assembly, Term 43, Session 1, Meeting 1 (2014-10-27)",2014-10-27,,43,1,1,2014-10-27,,Reference,Chairperson,MP,-,BSPLB,Парламентарна група: БСП лява България,,"Lambov Danailov, Stefan",M,1942,,,False,2014-10,Bliznashki,True,Left
9,ParlaMint-BG_2014-10-27.u18,0.0,2.0,0.0,0.0,"Report of the meeting of the Bulgarian National Assembly, Term 43, Session 1, Meeting 1 (2014-10-27)",2014-10-27,,43,1,1,2014-10-27,,Reference,Regular,notMP,-,,,,"Анонимен Анонимен, Анонимен",-,-,,,False,2014-10,Bliznashki,True,
10,ParlaMint-BG_2014-10-27.u19,0.9681358489396273,86.0,0.011257393592321249,0.30538955589430283,"Report of the meeting of the Bulgarian National Assembly, Term 43, Session 1, Meeting 1 (2014-10-27)",2014-10-27,,43,1,1,2014-10-27,,Reference,Regular,MP,-,AP,Парламентарна група: Партия Атака,,"Николов Сидеров, Волен",M,1956,,,False,2014-10,Bliznashki,True,Right
11,ParlaMint-BG_2014-10-27.u2,202.62305318168995,2095.0,0.09671744781942242,174.72541771867475,"Report of the meeting of the Bulgarian National Assembly, Term 43, Session 1, Meeting 1 (2014-10-27)",2014-10-27,,43,1,1,2014-10-27,,Reference,Regular,notMP,-,,,,"Асенов Плевнелиев, Росен",M,1964,,,False,2014-10,Bliznashki,True,
12,ParlaMint-BG_2014-10-27.u20,0.0,3.0,0.0,0.0,"Report of the meeting of the Bulgarian National Assembly, Term 43, Session 1, Meeting 1 (2014-10-27)",2014-10-27,,43,1,1,2014-10-27,,Reference,Regular,MP,-,GERB,Парламентарна група: Партия ГЕРБ,,"Летиф Рашидов, Вежди",M,1951,,,False,2014-10,Bliznashki,True,Right
13,ParlaMint-BG_2014-10-27.u21,6.359862040623632,59.0,0.10779427187497681,6.060191094901304,"Report of the meeting of the Bulgarian National Assembly, Term 43, Session 1, Meeting 1 (2014-10-27)",2014-10-27,,43,1,1,2014-10-27,,Reference,Regular,MP,-,AP,Парламентарна група: Партия Атака,,"Николов Сидеров, Волен",M,1956,,,False,2014-10,Bliznashki,True,Right
14,ParlaMint-BG_2014-10-27.u22,0.0,4.0,0.0,0.0,"Report of the meeting of the Bulgarian National Assembly, Term 43, Session 1, Meeting 1 (2014-10-27)",2014-10-27,,43,1,1,2014-10-27,,Reference,Regular,MP,-,GERB,Парламентарна група: Партия ГЕРБ,,"Летиф Рашидов, Вежди",M,1951,,,False,2014-10,Bliznashki,True,Right
15,ParlaMint-BG_2014-10-27.u23,64.08147981239607,1186.0,0.0540316018654267,51.45936286702636,"Report of the meeting of the Bulgarian National Assembly, Term 43, Session 1, Meeting 1 (2014-10-27)",2014-10-27,,43,1,1,2014-10-27,,Reference,Regular,MP,-,AP,Парламентарна група: Партия Атака,,"Николов Сидеров, Волен",M,1956,,,False,2014-10,Bliznashki,True,Right
16,ParlaMint-BG_2014-10-27.u24,1.3584921907860608,18.0,0.07547178837700337,1.3584921907860608,"Report of the meeting of the Bulgarian National Assembly, Term 43, Session 1, Meeting 1 (2014-10-27)",2014-10-27,,43,1,1,2014-10-27,,Reference,Chairperson,MP,-,BSPLB,Парламентарна група: БСП лява България,,"Lambov Danailov, Stefan",M,1942,,,False,2014-10,Bliznashki,True,Left
17,ParlaMint-BG_2014-10-27.u25,71.02622828098839,1075.0,0.06607091002882641,51.976367657405085,"Report of the meeting of the Bulgarian National Assembly, Term 43, Session 1, Meeting 1 (2014-10-27)",2014-10-27,,43,1,1,2014-10-27,,Reference,Regular,MP,-,ABV,Парламентарна група: Алтернатива за българско възраждане,,"Georgiev Kalfin, Ivaylo",M,1964,,,False,2014-10,Bliznashki,True,Left
18,ParlaMint-BG_2014-10-27.u26,3.442217846099573,72.0,0.0478085811958274,3.442217846099573,"Report of the meeting of the Bulgarian National Assembly, Term 43, Session 1, Meeting 1 (2014-10-27)",2014-10-27,,43,1,1,2014-10-27,,Reference,Chairperson,MP,-,BSPLB,Парламентарна група: БСП лява България,,"Lambov Danailov, Stefan",M,1942,,,False,2014-10,Bliznashki,True,Left
19,ParlaMint-BG_2014-10-27.u27,11.532461115871625,167.0,0.06905665338845285,11.532461115871625,"Report of the meeting of the Bulgarian National Assembly, Term 43, Session 1, Meeting 1 (2014-10-27)",2014-10-27,,43,1,1,2014-10-27,,Reference,Regular,MP,-,GERB,Парламентарна група: Партия ГЕРБ,,"Любомиров Велчев, Красимир",M,1951,,,False,2014-10,Bliznashki,True,Right
20,ParlaMint-BG_2014-10-27.u28,3.1813494325732226,76.0,0.04185986095491082,2.1813494325732226,"Report of the meeting of the Bulgarian National Assembly, Term 43, Session 1, Meeting 1 (2014-10-27)",2014-10-27,,43,1,1,2014-10-27,,Reference,Chairperson,MP,-,BSPLB,Парламентарна група: БСП лява България,,"Lambov Danailov, Stefan",M,1942,,,False,2014-10,Bliznashki,True,Left
21,ParlaMint-BG_2014-10-27.u29,7.542275219447623,151.0,0.04994884251289816,7.542275219447623,"Report of the meeting of the Bulgarian National Assembly, Term 43, Session 1, Meeting 1 (2014-10-27)",2014-10-27,,43,1,1,2014-10-27,,Reference,Regular,MP,-,GERB,Парламентарна група: Партия ГЕРБ,,"Методиев Борисов, Бойко",M,1959,,,False,2014-10,Bliznashki,True,Right
22,ParlaMint-BG_2014-10-27.u3,3.951778660439079,53.0,0.07456186151771847,3.951778660439079,"Report of the meeting of the Bulgarian National Assembly, Term 43, Session 1, Meeting 1 (2014-10-27)",2014-10-27,,43,1,1,2014-10-27,,Reference,Chairperson,MP,-,BSPLB,Парламентарна група: БСП лява България,,"Lambov Danailov, Stefan",M,1942,,,False,2014-10,Bliznashki,True,Left
23,ParlaMint-BG_2014-10-27.u30,1.3946627122068846,35.0,0.039847506063053845,1.3946627122068846,"Report of the meeting of the Bulgarian National Assembly, Term 43, Session 1, Meeting 1 (2014-10-27)",2014-10-27,,43,1,1,2014-10-27,,Reference,Chairperson,MP,-,BSPLB,Парламентарна група: БСП лява България,,"Lambov Danailov, Stefan",M,1942,,,False,2014-10,Bliznashki,True,Left
24,ParlaMint-BG_2014-10-27.u31,13.238908160606107,241.0,0.054933228882183015,8.421739852648274,"Report of the meeting of the Bulgarian National Assembly, Term 43, Session 1, Meeting 1 (2014-10-27)",2014-10-27,,43,1,1,2014-10-27,,Reference,Regular,MP,-,BSPLB,Парламентарна група: БСП лява България,,"Petrov Naydenov, Angel",M,1958,,,False,2014-10,Bliznashki,True,Left
25,ParlaMint-BG_2014-10-27.u32,2.2829821520241547,56.0,0.04076753842900276,1.2829821520241547,"Report of the meeting of the Bulgarian National Assembly, Term 43, Session 1, Meeting 1 (2014-10-27)",2014-10-27,,43,1,1,2014-10-27,,Reference,Chairperson,MP,-,BSPLB,Парламентарна група: БСП лява България,,"Lambov Danailov, Stefan",M,1942,,,False,2014-10,Bliznashki,True,Left
26,ParlaMint-BG_2014-10-27.u33,0.0,3.0,0.0,0.0,"Report of the meeting of the Bulgarian National Assembly, Term 43, Session 1, Meeting 1 (2014-10-27)",2014-10-27,,43,1,1,2014-10-27,,Reference,Regular,MP,-,AP,Парламентарна група: Партия Атака,,"Славов Чуколов, Десислав",M,1974,,,False,2014-10,Bliznashki,True,Right
27,ParlaMint-BG_2014-10-27.u34,0.0,4.0,0.0,0.0,"Report of the meeting of the Bulgarian National Assembly, Term 43, Session 1, Meeting 1 (2014-10-27)",2014-10-27,,43,1,1,2014-10-27,,Reference,Chairperson,MP,-,BSPLB,Парламентарна група: БСП лява България,,"Lambov Danailov, Stefan",M,1942,,,False,2014-10,Bliznashki,True,Left
28,ParlaMint-BG_2014-10-27.u35,5.2437589272311484,292.0,0.01795807851791489,0.24375892723114811,"Report of the meeting of the Bulgarian National Assembly, Term 43, Session 1, Meeting 1 (2014-10-27)",2014-10-27,,43,1,1,2014-10-27,,Reference,Regular,MP,-,AP,Парламентарна група: Партия Атака,,"Славов Чуколов, Десислав",M,1974,,,False,2014-10,Bliznashki,True,Right
29,ParlaMint-BG_2014-10-27.u36,17.135151097396417,110.0,0.15577410088542196,17.135151097396417,"Report of the meeting of the Bulgarian National Assembly, Term 43, Session 1, Meeting 1 (2014-10-27)",2014-10-27,,43,1,1,2014-10-27,,Reference,Chairperson,MP,-,BSPLB,Парламентарна група: БСП лява България,,"Lambov Danailov, Stefan",M,1942,,,False,2014-10,Bliznashki,True,Left
30,ParlaMint-BG_2014-10-27.u37,43.762632509305604,787.0,0.055606902807249815,28.260070094621412,"Report of the meeting of the Bulgarian National Assembly, Term 43, Session 1, Meeting 1 (2014-10-27)",2014-10-27,,43,1,1,2014-10-27,,Reference,Regular,MP,-,GERB,Парламентарна група: Партия ГЕРБ,,"Tsacheva Dangovska, Tsetska",F,1958,,,False,2014-10,Bliznashki,True,Right
31,ParlaMint-BG_2014-10-27.u38,3.9168871556272125,62.0,0.06317559928430988,3.9168871556272125,"Report of the meeting of the Bulgarian National Assembly, Term 43, Session 1, Meeting 1 (2014-10-27)",2014-10-27,,43,1,1,2014-10-27,,Reference,Chairperson,MP,-,GERB,Парламентарна група: Партия ГЕРБ,,"Tsacheva Dangovska, Tsetska",F,1958,,,False,2014-10,Bliznashki,True,Right
32,ParlaMint-BG_2014-10-27.u39,7.337166113376204,157.0,0.046733542123415316,7.337166113376204,"Report of the meeting of the Bulgarian National Assembly, Term 43, Session 1, Meeting 1 (2014-10-27)",2014-10-27,,43,1,1,2014-10-27,,Reference,Regular,MP,-,GERB,Парламентарна група: Партия ГЕРБ,,"Любомиров Велчев, Красимир",M,1951,"ИЗБОР НА ЗАМЕСТНИК-ПРЕДСЕДАТЕЛИ НА НАРОДНОТО СЪБРАНИЕ, СЪГЛАСНО ЧЛ. 76, АЛ. 3 ОТ КОНСТИТУЦИЯТА НА РЕПУБЛИКА БЪЛГАРИЯ.",ИЗБОР,False,2014-10,Bliznashki,True,Right
33,ParlaMint-BG_2014-10-27.u4,66.4191850798551,929.0,0.07149535530662551,59.77914426128172,"Report of the meeting of the Bulgarian National Assembly, Term 43, Session 1, Meeting 1 (2014-10-27)",2014-10-27,,43,1,1,2014-10-27,,Reference,Regular,MP,-,GERB,Парламентарна група: Партия ГЕРБ,,"Методиев Борисов, Бойко",M,1959,,,False,2014-10,Bliznashki,True,Right
34,ParlaMint-BG_2014-10-27.u40,2.0986614659480676,86.0,0.024403040301721714,1.0986614659480674,"Report of the meeting of the Bulgarian National Assembly, Term 43, Session 1, Meeting 1 (2014-10-27)",2014-10-27,,43,1,1,2014-10-27,,Reference,Chairperson,MP,-,GERB,Парламентарна група: Партия ГЕРБ,,"Tsacheva Dangovska, Tsetska",F,1958,"ИЗБОР НА ЗАМЕСТНИК-ПРЕДСЕДАТЕЛИ НА НАРОДНОТО СЪБРАНИЕ, СЪГЛАСНО ЧЛ. 76, АЛ. 3 ОТ КОНСТИТУЦИЯТА НА РЕПУБЛИКА БЪЛГАРИЯ.",ИЗБОР,False,2014-10,Bliznashki,True,Right
35,ParlaMint-BG_2014-10-27.u41,2.983609365868055,78.0,0.038251402126513526,2.983609365868055,"Report of the meeting of the Bulgarian National Assembly, Term 43, Session 1, Meeting 1 (2014-10-27)",2014-10-27,,43,1,1,2014-10-27,,Reference,Regular,MP,-,GERB,Парламентарна група: Партия ГЕРБ,,"Методиев Борисов, Бойко",M,1959,"ИЗБОР НА ЗАМЕСТНИК-ПРЕДСЕДАТЕЛИ НА НАРОДНОТО СЪБРАНИЕ, СЪГЛАСНО ЧЛ. 76, АЛ. 3 ОТ КОНСТИТУЦИЯТА НА РЕПУБЛИКА БЪЛГАРИЯ.",ИЗБОР,False,2014-10,Bliznashki,True,Right
36,ParlaMint-BG_2014-10-27.u42,0.5685460200151815,12.0,0.04737883500126513,0.5685460200151815,"Report of the meeting of the Bulgarian National Assembly, Term 43, Session 1, Meeting 1 (2014-10-27)",2014-10-27,,43,1,1,2014-10-27,,Reference,Chairperson,MP,-,GERB,Парламентарна група: Партия ГЕРБ,,"Tsacheva Dangovska, Tsetska",F,1958,"ИЗБОР НА ЗАМЕСТНИК-ПРЕДСЕДАТЕЛИ НА НАРОДНОТО СЪБРАНИЕ, СЪГЛАСНО ЧЛ. 76, АЛ. 3 ОТ КОНСТИТУЦИЯТА НА РЕПУБЛИКА БЪЛГАРИЯ.",ИЗБОР,False,2014-10,Bliznashki,True,Right
37,ParlaMint-BG_2014-10-27.u43,10.102021514014984,153.0,0.0660262844053267,10.102021514014984,"Report of the meeting of the Bulgarian National Assembly, Term 43, Session 1, Meeting 1 (2014-10-27)",2014-10-27,,43,1,1,2014-10-27,,Reference,Regular,MP,-,BSPLB,Парламентарна група: БСП лява България,,"Raykov Mikov, Mihail",M,1960,"ИЗБОР НА ЗАМЕСТНИК-ПРЕДСЕДАТЕЛИ НА НАРОДНОТО СЪБРАНИЕ, СЪГЛАСНО ЧЛ. 76, АЛ. 3 ОТ КОНСТИТУЦИЯТА НА РЕПУБЛИКА БЪЛГАРИЯ.",ИЗБОР,False,2014-10,Bliznashki,True,Left
38,ParlaMint-BG_2014-10-27.u44,1.5685460200151815,14.0,0.11203900142965582,1.5685460200151815,"Report of the meeting of the Bulgarian National Assembly, Term 43, Session 1, Meeting 1 (2014-10-27)",2014-10-27,,43,1,1,2014-10-27,,Reference,Chairperson,MP,-,GERB,Парламентарна група: Партия ГЕРБ,,"Tsacheva Dangovska, Tsetska",F,1958,"ИЗБОР НА ЗАМЕСТНИК-ПРЕДСЕДАТЕЛИ НА НАРОДНОТО СЪБРАНИЕ, СЪГЛАСНО ЧЛ. 76, АЛ. 3 ОТ КОНСТИТУЦИЯТА НА РЕПУБЛИКА БЪЛГАРИЯ.",ИЗБОР,False,2014-10,Bliznashki,True,Right
39,ParlaMint-BG_2014-10-27.u45,10.9754068365391,80.0,0.13719258545673876,10.9754068365391,"Report of the meeting of the Bulgarian National Assembly, Term 43, Session 1, Meeting 1 (2014-10-27)",2014-10-27,,43,1,1,2014-10-27,,Reference,Regular,MP,-,MRF,Парламентарна група: Движение за права и свободи,,"Mehmedov Kardzhaliev, Tuncher",M,1969,"ИЗБОР НА ЗАМЕСТНИК-ПРЕДСЕДАТЕЛИ НА НАРОДНОТО СЪБРАНИЕ, СЪГЛАСНО ЧЛ. 76, АЛ. 3 ОТ КОНСТИТУЦИЯТА НА РЕПУБЛИКА БЪЛГАРИЯ.",ИЗБОР,False,2014-10,Bliznashki,True,Right
40,ParlaMint-BG_2014-10-27.u46,0.0,2.0,0.0,0.0,"Report of the meeting of the Bulgarian National Assembly, Term 43, Session 1, Meeting 1 (2014-10-27)",2014-10-27,,43,1,1,2014-10-27,,Reference,Chairperson,MP,-,GERB,Парламентарна група: Партия ГЕРБ,,"Tsacheva Dangovska, Tsetska",F,1958,"ИЗБОР НА ЗАМЕСТНИК-ПРЕДСЕДАТЕЛИ НА НАРОДНОТО СЪБРАНИЕ, СЪГЛАСНО ЧЛ. 76, АЛ. 3 ОТ КОНСТИТУЦИЯТА НА РЕПУБЛИКА БЪЛГАРИЯ.",ИЗБОР,False,2014-10,Bliznashki,True,Right
41,ParlaMint-BG_2014-10-27.u47,4.653172849958167,128.0,0.03635291289029818,4.3136734127197185,"Report of the meeting of the Bulgarian National Assembly, Term 43, Session 1, Meeting 1 (2014-10-27)",2014-10-27,,43,1,1,2014-10-27,,Reference,Regular,MP,-,MRF,Парламентарна група: Движение за права и свободи,,"Mehmedov Kardzhaliev, Tuncher",M,1969,"ИЗБОР НА ЗАМЕСТНИК-ПРЕДСЕДАТЕЛИ НА НАРОДНОТО СЪБРАНИЕ, СЪГЛАСНО ЧЛ. 76, АЛ. 3 ОТ КОНСТИТУЦИЯТА НА РЕПУБЛИКА БЪЛГАРИЯ.",ИЗБОР,False,2014-10,Bliznashki,True,Right
42,ParlaMint-BG_2014-10-27.u48,1.623051541801175,10.0,0.1623051541801175,1.623051541801175,"Report of the meeting of the Bulgarian National Assembly, Term 43, Session 1, Meeting 1 (2014-10-27)",2014-10-27,,43,1,1,2014-10-27,,Reference,Chairperson,MP,-,GERB,Парламентарна група: Партия ГЕРБ,,"Tsacheva Dangovska, Tsetska",F,1958,"ИЗБОР НА ЗАМЕСТНИК-ПРЕДСЕДАТЕЛИ НА НАРОДНОТО СЪБРАНИЕ, СЪГЛАСНО ЧЛ. 76, АЛ. 3 ОТ КОНСТИТУЦИЯТА НА РЕПУБЛИКА БЪЛГАРИЯ.",ИЗБОР,False,2014-10,Bliznashki,True,Right
43,ParlaMint-BG_2014-10-27.u49,1.0,3.0,0.3333333333333333,1.0,"Report of the meeting of the Bulgarian National Assembly, Term 43, Session 1, Meeting 1 (2014-10-27)",2014-10-27,,43,1,1,2014-10-27,,Reference,Regular,MP,-,RB,Парламентарна група: Реформаторски блок,,"Shtiliyanova Kuneva, Meglena",F,1957,"ИЗБОР НА ЗАМЕСТНИК-ПРЕДСЕДАТЕЛИ НА НАРОДНОТО СЪБРАНИЕ, СЪГЛАСНО ЧЛ. 76, АЛ. 3 ОТ КОНСТИТУЦИЯТА НА РЕПУБЛИКА БЪЛГАРИЯ.",ИЗБОР,False,2014-10,Bliznashki,True,Right
44,ParlaMint-BG_2014-10-27.u5,1.3584921907860608,20.0,0.06792460953930304,1.3584921907860608,"Report of the meeting of the Bulgarian National Assembly, Term 43, Session 1, Meeting 1 (2014-10-27)",2014-10-27,,43,1,1,2014-10-27,,Reference,Chairperson,MP,-,BSPLB,Парламентарна група: БСП лява България,,"Lambov Danailov, Stefan",M,1942,,,False,2014-10,Bliznashki,True,Left
45,ParlaMint-BG_2014-10-27.u50,0.0,2.0,0.0,0.0,"Report of the meeting of the Bulgarian National Assembly, Term 43, Session 1, Meeting 1 (2014-10-27)",2014-10-27,,43,1,1,2014-10-27,,Reference,Chairperson,MP,-,GERB,Парламентарна група: Партия ГЕРБ,,"Tsacheva Dangovska, Tsetska",F,1958,"ИЗБОР НА ЗАМЕСТНИК-ПРЕДСЕДАТЕЛИ НА НАРОДНОТО СЪБРАНИЕ, СЪГЛАСНО ЧЛ. 76, АЛ. 3 ОТ КОНСТИТУЦИЯТА НА РЕПУБЛИКА БЪЛГАРИЯ.",ИЗБОР,False,2014-10,Bliznashki,True,Right
46,ParlaMint-BG_2014-10-27.u51,3.4702978322674607,64.0,0.05422340362917907,3.4702978322674607,"Report of the meeting of the Bulgarian National Assembly, Term 43, Session 1, Meeting 1 (2014-10-27)",2014-10-27,,43,1,1,2014-10-27,,Reference,Regular,MP,-,RB,Парламентарна група: Реформаторски блок,,"Shtiliyanova Kuneva, Meglena",F,1957,"ИЗБОР НА ЗАМЕСТНИК-ПРЕДСЕДАТЕЛИ НА НАРОДНОТО СЪБРАНИЕ, СЪГЛАСНО ЧЛ. 76, АЛ. 3 ОТ КОНСТИТУЦИЯТА НА РЕПУБЛИКА БЪЛГАРИЯ.",ИЗБОР,False,2014-10,Bliznashki,True,Right
47,ParlaMint-BG_2014-10-27.u52,1.0928014405388342,9.0,0.12142238228209269,1.0928014405388342,"Report of the meeting of the Bulgarian National Assembly, Term 43, Session 1, Meeting 1 (2014-10-27)",2014-10-27,,43,1,1,2014-10-27,,Reference,Chairperson,MP,-,GERB,Парламентарна група: Партия ГЕРБ,,"Tsacheva Dangovska, Tsetska",F,1958,"ИЗБОР НА ЗАМЕСТНИК-ПРЕДСЕДАТЕЛИ НА НАРОДНОТО СЪБРАНИЕ, СЪГЛАСНО ЧЛ. 76, АЛ. 3 ОТ КОНСТИТУЦИЯТА НА РЕПУБЛИКА БЪЛГАРИЯ.",ИЗБОР,False,2014-10,Bliznashki,True,Right
48,ParlaMint-BG_2014-10-27.u53,0.0,1.0,0.0,0.0,"Report of the meeting of the Bulgarian National Assembly, Term 43, Session 1, Meeting 1 (2014-10-27)",2014-10-27,,43,1,1,2014-10-27,,Reference,Regular,MP,-,PF,Парламентарна група: Патриотичен фронт,,"Симеонов Симеонов, Валери",M,1955,"ИЗБОР НА ЗАМЕСТНИК-ПРЕДСЕДАТЕЛИ НА НАРОДНОТО СЪБРАНИЕ, СЪГЛАСНО ЧЛ. 76, АЛ. 3 ОТ КОНСТИТУЦИЯТА НА РЕПУБЛИКА БЪЛГАРИЯ.",ИЗБОР,False,2014-10,Bliznashki,True,Right
49,ParlaMint-BG_2014-10-27.u54,0.0,2.0,0.0,0.0,"Report of the meeting of the Bulgarian National Assembly, Term 43, Session 1, Meeting 1 (2014-10-27)",2014-10-27,,43,1,1,2014-10-27,,Reference,Chairperson,MP,-,GERB,Парламентарна група: Партия ГЕРБ,,"Tsacheva Dangovska, Tsetska",F,1958,"ИЗБОР НА ЗАМЕСТНИК-ПРЕДСЕДАТЕЛИ НА НАРОДНОТО СЪБРАНИЕ, СЪГЛАСНО ЧЛ. 76, АЛ. 3 ОТ КОНСТИТУЦИЯТА НА РЕПУБЛИКА БЪЛГАРИЯ.",ИЗБОР,False,2014-10,Bliznashki,True,Right
50,ParlaMint-BG_2014-10-27.u55,5.151727443495412,68.0,0.07576069769846194,5.151727443495412,"Report of the meeting of the Bulgarian National Assembly, Term 43, Session 1, Meeting 1 (2014-10-27)",2014-10-27,,43,1,1,2014-10-27,,Reference,Regular,MP,-,PF,Парламентарна група: Патриотичен фронт,,"Симеонов Симеонов, Валери",M,1955,"ИЗБОР НА ЗАМЕСТНИК-ПРЕДСЕДАТЕЛИ НА НАРОДНОТО СЪБРАНИЕ, СЪГЛАСНО ЧЛ. 76, АЛ. 3 ОТ КОНСТИТУЦИЯТА НА РЕПУБЛИКА БЪЛГАРИЯ.",ИЗБОР,False,2014-10,Bliznashki,True,Right
51,ParlaMint-BG_2014-10-27.u56,0.0,5.0,0.0,0.0,"Report of the meeting of the Bulgarian National Assembly, Term 43, Session 1, Meeting 1 (2014-10-27)",2014-10-27,,43,1,1,2014-10-27,,Reference,Chairperson,MP,-,GERB,Парламентарна група: Партия ГЕРБ,,"Tsacheva Dangovska, Tsetska",F,1958,"ИЗБОР НА ЗАМЕСТНИК-ПРЕДСЕДАТЕЛИ НА НАРОДНОТО СЪБРАНИЕ, СЪГЛАСНО ЧЛ. 76, АЛ. 3 ОТ КОНСТИТУЦИЯТА НА РЕПУБЛИКА БЪЛГАРИЯ.",ИЗБОР,False,2014-10,Bliznashki,True,Right
52,ParlaMint-BG_2014-10-27.u57,7.525458954126385,131.0,0.057446251558216685,7.525458954126385,"Report of the meeting of the Bulgarian National Assembly, Term 43, Session 1, Meeting 1 (2014-10-27)",2014-10-27,,43,1,1,2014-10-27,,Reference,Regular,MP,-,BDC-NU,Парламентарна група: Български демократичен център - Народен съюз,,"Marinov Iontchev, Roumen",M,1971,"ИЗБОР НА ЗАМЕСТНИК-ПРЕДСЕДАТЕЛИ НА НАРОДНОТО СЪБРАНИЕ, СЪГЛАСНО ЧЛ. 76, АЛ. 3 ОТ КОНСТИТУЦИЯТА НА РЕПУБЛИКА БЪЛГАРИЯ.",ИЗБОР,False,2014-10,Bliznashki,True,Right
53,ParlaMint-BG_2014-10-27.u58,0.5685460200151815,29.0,0.019605035172937293,0.5685460200151815,"Report of the meeting of the Bulgarian National Assembly, Term 43, Session 1, Meeting 1 (2014-10-27)",2014-10-27,,43,1,1,2014-10-27,,Reference,Chairperson,MP,-,GERB,Парламентарна група: Партия ГЕРБ,,"Tsacheva Dangovska, Tsetska",F,1958,"ИЗБОР НА ЗАМЕСТНИК-ПРЕДСЕДАТЕЛИ НА НАРОДНОТО СЪБРАНИЕ, СЪГЛАСНО ЧЛ. 76, АЛ. 3 ОТ КОНСТИТУЦИЯТА НА РЕПУБЛИКА БЪЛГАРИЯ.",ИЗБОР,False,2014-10,Bliznashki,True,Right
54,ParlaMint-BG_2014-10-27.u59,4.618941408338458,116.0,0.03981846041671084,4.618941408338458,"Report of the meeting of the Bulgarian National Assembly, Term 43, Session 1, Meeting 1 (2014-10-27)",2014-10-27,,43,1,1,2014-10-27,,Reference,Regular,MP,-,AP,Парламентарна група: Партия Атака,,"Николов Сидеров, Волен",M,1956,"ИЗБОР НА ЗАМЕСТНИК-ПРЕДСЕДАТЕЛИ НА НАРОДНОТО СЪБРАНИЕ, СЪГЛАСНО ЧЛ. 76, АЛ. 3 ОТ КОНСТИТУЦИЯТА НА РЕПУБЛИКА БЪЛГАРИЯ.",ИЗБОР,False,2014-10,Bliznashki,True,Right
55,ParlaMint-BG_2014-10-27.u6,82.48691200348392,1369.0,0.060253405407950274,63.847403059469194,"Report of the meeting of the Bulgarian National Assembly, Term 43, Session 1, Meeting 1 (2014-10-27)",2014-10-27,,43,1,1,2014-10-27,,Reference,Regular,MP,-,BSPLB,Парламентарна група: БСП лява България,,"Raykov Mikov, Mihail",M,1960,,,False,2014-10,Bliznashki,True,Left
56,ParlaMint-BG_2014-10-27.u60,0.5685460200151815,12.0,0.04737883500126513,0.5685460200151815,"Report of the meeting of the Bulgarian National Assembly, Term 43, Session 1, Meeting 1 (2014-10-27)",2014-10-27,,43,1,1,2014-10-27,,Reference,Chairperson,MP,-,GERB,Парламентарна група: Партия ГЕРБ,,"Tsacheva Dangovska, Tsetska",F,1958,"ИЗБОР НА ЗАМЕСТНИК-ПРЕДСЕДАТЕЛИ НА НАРОДНОТО СЪБРАНИЕ, СЪГЛАСНО ЧЛ. 76, АЛ. 3 ОТ КОНСТИТУЦИЯТА НА РЕПУБЛИКА БЪЛГАРИЯ.",ИЗБОР,False,2014-10,Bliznashki,True,Right
57,ParlaMint-BG_2014-10-27.u61,2.663852201814492,13.0,0.204911707831884,2.663852201814492,"Report of the meeting of the Bulgarian National Assembly, Term 43, Session 1, Meeting 1 (2014-10-27)",2014-10-27,,43,1,1,2014-10-27,,Reference,Regular,MP,-,ABV,Парламентарна група: Алтернатива за българско възраждане,,"Georgiev Kalfin, Ivaylo",M,1964,"ИЗБОР НА ЗАМЕСТНИК-ПРЕДСЕДАТЕЛИ НА НАРОДНОТО СЪБРАНИЕ, СЪГЛАСНО ЧЛ. 76, АЛ. 3 ОТ КОНСТИТУЦИЯТА НА РЕПУБЛИКА БЪЛГАРИЯ.",ИЗБОР,False,2014-10,Bliznashki,True,Left
58,ParlaMint-BG_2014-10-27.u62,0.0,2.0,0.0,0.0,"Report of the meeting of the Bulgarian National Assembly, Term 43, Session 1, Meeting 1 (2014-10-27)",2014-10-27,,43,1,1,2014-10-27,,Reference,Chairperson,MP,-,GERB,Парламентарна група: Партия ГЕРБ,,"Tsacheva Dangovska, Tsetska",F,1958,"ИЗБОР НА ЗАМЕСТНИК-ПРЕДСЕДАТЕЛИ НА НАРОДНОТО СЪБРАНИЕ, СЪГЛАСНО ЧЛ. 76, АЛ. 3 ОТ КОНСТИТУЦИЯТА НА РЕПУБЛИКА БЪЛГАРИЯ.",ИЗБОР,False,2014-10,Bliznashki,True,Right
59,ParlaMint-BG_2014-10-27.u63,3.7869933130511226,66.0,0.05737868656138065,3.7869933130511226,"Report of the meeting of the Bulgarian National Assembly, Term 43, Session 1, Meeting 1 (2014-10-27)",2014-10-27,,43,1,1,2014-10-27,,Reference,Regular,MP,-,ABV,Парламентарна група: Алтернатива за българско възраждане,,"Georgiev Kalfin, Ivaylo",M,1964,"ИЗБОР НА ЗАМЕСТНИК-ПРЕДСЕДАТЕЛИ НА НАРОДНОТО СЪБРАНИЕ, СЪГЛАСНО ЧЛ. 76, АЛ. 3 ОТ КОНСТИТУЦИЯТА НА РЕПУБЛИКА БЪЛГАРИЯ.",ИЗБОР,False,2014-10,Bliznashki,True,Left
60,ParlaMint-BG_2014-10-27.u64,7.441590300688419,195.0,0.03816200154199189,6.441590300688419,"Report of the meeting of the Bulgarian National Assembly, Term 43, Session 1, Meeting 1 (2014-10-27)",2014-10-27,,43,1,1,2014-10-27,,Reference,Chairperson,MP,-,GERB,Парламентарна група: Партия ГЕРБ,,"Tsacheva Dangovska, Tsetska",F,1958,"ИЗБОР НА ЗАМЕСТНИК-ПРЕДСЕДАТЕЛИ НА НАРОДНОТО СЪБРАНИЕ, СЪГЛАСНО ЧЛ. 76, АЛ. 3 ОТ КОНСТИТУЦИЯТА НА РЕПУБЛИКА БЪЛГАРИЯ.",ИЗБОР,False,2014-10,Bliznashki,True,Right
61,ParlaMint-BG_2014-10-27.u65,3.589114266876444,132.0,0.027190259597548817,3.589114266876444,"Report of the meeting of the Bulgarian National Assembly, Term 43, Session 1, Meeting 1 (2014-10-27)",2014-10-27,,43,1,1,2014-10-27,,Reference,Regular,MP,-,GERB,Парламентарна група: Партия ГЕРБ,,"Любомиров Велчев, Красимир",M,1951,ПРИЕМАНЕ НА РЕШЕНИЕ ЗА ВРЕМЕННО ПРИЛАГАНЕ НА ПРАВИЛНИКА ЗА ОРГАНИЗАЦИЯТА И ДЕЙНОСТТА НА НАРОДНОТО СЪБРАНИЕ.,РЕШЕНИЕ,False,2014-10,Bliznashki,True,Right
62,ParlaMint-BG_2014-10-27.u66,4.00299488614753,99.0,0.040434291779267974,3.00299488614753,"Report of the meeting of the Bulgarian National Assembly, Term 43, Session 1, Meeting 1 (2014-10-27)",2014-10-27,,43,1,1,2014-10-27,,Reference,Chairperson,MP,-,GERB,Парламентарна група: Партия ГЕРБ,,"Tsacheva Dangovska, Tsetska",F,1958,ПРИЕМАНЕ НА РЕШЕНИЕ ЗА ВРЕМЕННО ПРИЛАГАНЕ НА ПРАВИЛНИКА ЗА ОРГАНИЗАЦИЯТА И ДЕЙНОСТТА НА НАРОДНОТО СЪБРАНИЕ.,РЕШЕНИЕ,False,2014-10,Bliznashki,True,Right
63,ParlaMint-BG_2014-10-27.u67,3.6832187742668836,90.0,0.04092465304740982,3.6832187742668836,"Report of the meeting of the Bulgarian National Assembly, Term 43, Session 1, Meeting 1 (2014-10-27)",2014-10-27,,43,1,1,2014-10-27,,Reference,Regular,MP,-,GERB,Парламентарна група: Партия ГЕРБ,,"Любомиров Велчев, Красимир",M,1951,ПРОЕКТ НА РЕШЕНИЕ ЗА ИЗБИРАНЕ НА ВРЕМЕННИ СЕКРЕТАРИ НА НАРОДНОТО СЪБРАНИЕ.,ПРОЕКТ,False,2014-10,Bliznashki,True,Right
64,ParlaMint-BG_2014-10-27.u68,4.381987065941205,115.0,0.03810423535601048,3.381987065941205,"Report of the meeting of the Bulgarian National Assembly, Term 43, Session 1, Meeting 1 (2014-10-27)",2014-10-27,,43,1,1,2014-10-27,,Reference,Chairperson,MP,-,GERB,Парламентарна група: Партия ГЕРБ,,"Tsacheva Dangovska, Tsetska",F,1958,ПРОЕКТ НА РЕШЕНИЕ ЗА ИЗБИРАНЕ НА ВРЕМЕННИ СЕКРЕТАРИ НА НАРОДНОТО СЪБРАНИЕ.,ПРОЕКТ,False,2014-10,Bliznashki,True,Right
65,ParlaMint-BG_2014-10-27.u69,0.5625489473577128,32.0,0.017579654604928524,0.5625489473577128,"Report of the meeting of the Bulgarian National Assembly, Term 43, Session 1, Meeting 1 (2014-10-27)",2014-10-27,,43,1,1,2014-10-27,,Reference,Regular,MP,-,GERB,Парламентарна група: Партия ГЕРБ,,"Любомиров Велчев, Красимир",M,1951,ПРОЕКТ НА РЕШЕНИЕ ЗА ИЗБИРАНЕ НА ВРЕМЕННИ СЕКРЕТАРИ НА НАРОДНОТО СЪБРАНИЕ.,ПРОЕКТ,False,2014-10,Bliznashki,True,Right
66,ParlaMint-BG_2014-10-27.u7,0.7092758808333899,36.0,0.019702107800927498,0.3805594028136371,"Report of the meeting of the Bulgarian National Assembly, Term 43, Session 1, Meeting 1 (2014-10-27)",2014-10-27,,43,1,1,2014-10-27,,Reference,Chairperson,MP,-,BSPLB,Парламентарна група: БСП лява България,,"Lambov Danailov, Stefan",M,1942,,,False,2014-10,Bliznashki,True,Left
67,ParlaMint-BG_2014-10-27.u70,0.5685460200151815,8.0,0.07106825250189769,0.5685460200151815,"Report of the meeting of the Bulgarian National Assembly, Term 43, Session 1, Meeting 1 (2014-10-27)",2014-10-27,,43,1,1,2014-10-27,,Reference,Chairperson,MP,-,GERB,Парламентарна група: Партия ГЕРБ,,"Tsacheva Dangovska, Tsetska",F,1958,ПРОЕКТ НА РЕШЕНИЕ ЗА ИЗБИРАНЕ НА ВРЕМЕННИ СЕКРЕТАРИ НА НАРОДНОТО СЪБРАНИЕ.,ПРОЕКТ,False,2014-10,Bliznashki,True,Right
68,ParlaMint-BG_2014-10-27.u71,2.8074002113513297,76.0,0.03693947646514908,2.8074002113513297,"Report of the meeting of the Bulgarian National Assembly, Term 43, Session 1, Meeting 1 (2014-10-27)",2014-10-27,,43,1,1,2014-10-27,,Reference,Regular,MP,-,BSPLB,Парламентарна група: БСП лява България,,"Raykov Mikov, Mihail",M,1960,ПРОЕКТ НА РЕШЕНИЕ ЗА ИЗБИРАНЕ НА ВРЕМЕННИ СЕКРЕТАРИ НА НАРОДНОТО СЪБРАНИЕ.,ПРОЕКТ,False,2014-10,Bliznashki,True,Left
69,ParlaMint-BG_2014-10-27.u72,1.5685460200151815,11.0,0.14259509272865287,1.5685460200151815,"Report of the meeting of the Bulgarian National Assembly, Term 43, Session 1, Meeting 1 (2014-10-27)",2014-10-27,,43,1,1,2014-10-27,,Reference,Chairperson,MP,-,GERB,Парламентарна група: Партия ГЕРБ,,"Tsacheva Dangovska, Tsetska",F,1958,ПРОЕКТ НА РЕШЕНИЕ ЗА ИЗБИРАНЕ НА ВРЕМЕННИ СЕКРЕТАРИ НА НАРОДНОТО СЪБРАНИЕ.,ПРОЕКТ,False,2014-10,Bliznashki,True,Right
70,ParlaMint-BG_2014-10-27.u73,2.1500584546455936,28.0,0.07678780195162835,2.1500584546455936,"Report of the meeting of the Bulgarian National Assembly, Term 43, Session 1, Meeting 1 (2014-10-27)",2014-10-27,,43,1,1,2014-10-27,,Reference,Regular,MP,-,MRF,Парламентарна група: Движение за права и свободи,,"Hussein Kazak, Tchetin",M,1972,ПРОЕКТ НА РЕШЕНИЕ ЗА ИЗБИРАНЕ НА ВРЕМЕННИ СЕКРЕТАРИ НА НАРОДНОТО СЪБРАНИЕ.,ПРОЕКТ,False,2014-10,Bliznashki,True,Right
71,ParlaMint-BG_2014-10-27.u74,1.623051541801175,8.0,0.20288144272514688,1.623051541801175,"Report of the meeting of the Bulgarian National Assembly, Term 43, Session 1, Meeting 1 (2014-10-27)",2014-10-27,,43,1,1,2014-10-27,,Reference,Chairperson,MP,-,GERB,Парламентарна група: Партия ГЕРБ,,"Tsacheva Dangovska, Tsetska",F,1958,ПРОЕКТ НА РЕШЕНИЕ ЗА ИЗБИРАНЕ НА ВРЕМЕННИ СЕКРЕТАРИ НА НАРОДНОТО СЪБРАНИЕ.,ПРОЕКТ,False,2014-10,Bliznashki,True,Right
72,ParlaMint-BG_2014-10-27.u75,0.6377391464006523,15.0,0.04251594309337682,0.6377391464006523,"Report of the meeting of the Bulgarian National Assembly, Term 43, Session 1, Meeting 1 (2014-10-27)",2014-10-27,,43,1,1,2014-10-27,,Reference,Regular,MP,-,RB,Парламентарна група: Реформаторски блок,,"Shtiliyanova Kuneva, Meglena",F,1957,ПРОЕКТ НА РЕШЕНИЕ ЗА ИЗБИРАНЕ НА ВРЕМЕННИ СЕКРЕТАРИ НА НАРОДНОТО СЪБРАНИЕ.,ПРОЕКТ,False,2014-10,Bliznashki,True,Right
73,ParlaMint-BG_2014-10-27.u76,1.0928014405388342,8.0,0.13660018006735428,1.0928014405388342,"Report of the meeting of the Bulgarian National Assembly, Term 43, Session 1, Meeting 1 (2014-10-27)",2014-10-27,,43,1,1,2014-10-27,,Reference,Chairperson,MP,-,GERB,Парламентарна група: Партия ГЕРБ,,"Tsacheva Dangovska, Tsetska",F,1958,ПРОЕКТ НА РЕШЕНИЕ ЗА ИЗБИРАНЕ НА ВРЕМЕННИ СЕКРЕТАРИ НА НАРОДНОТО СЪБРАНИЕ.,ПРОЕКТ,False,2014-10,Bliznashki,True,Right
74,ParlaMint-BG_2014-10-27.u77,1.0928014405388342,26.0,0.04203082463610901,1.0928014405388342,"Report of the meeting of the Bulgarian National Assembly, Term 43, Session 1, Meeting 1 (2014-10-27)",2014-10-27,,43,1,1,2014-10-27,,Reference,Regular,MP,-,PF,Парламентарна група: Патриотичен фронт,,"Симеонов Симеонов, Валери",M,1955,ПРОЕКТ НА РЕШЕНИЕ ЗА ИЗБИРАНЕ НА ВРЕМЕННИ СЕКРЕТАРИ НА НАРОДНОТО СЪБРАНИЕ.,ПРОЕКТ,False,2014-10,Bliznashki,True,Right
75,ParlaMint-BG_2014-10-27.u78,1.1998659996328203,9.0,0.1333184444036467,1.1998659996328203,"Report of the meeting of the Bulgarian National Assembly, Term 43, Session 1, Meeting 1 (2014-10-27)",2014-10-27,,43,1,1,2014-10-27,,Reference,Chairperson,MP,-,GERB,Парламентарна група: Партия ГЕРБ,,"Tsacheva Dangovska, Tsetska",F,1958,ПРОЕКТ НА РЕШЕНИЕ ЗА ИЗБИРАНЕ НА ВРЕМЕННИ СЕКРЕТАРИ НА НАРОДНОТО СЪБРАНИЕ.,ПРОЕКТ,False,2014-10,Bliznashki,True,Right
76,ParlaMint-BG_2014-10-27.u79,1.2361522619522443,25.0,0.04944609047808977,1.2361522619522443,"Report of the meeting of the Bulgarian National Assembly, Term 43, Session 1, Meeting 1 (2014-10-27)",2014-10-27,,43,1,1,2014-10-27,,Reference,Regular,MP,-,BDC-NU,Парламентарна група: Български демократичен център - Народен съюз,,"Marinov Iontchev, Roumen",M,1971,ПРОЕКТ НА РЕШЕНИЕ ЗА ИЗБИРАНЕ НА ВРЕМЕННИ СЕКРЕТАРИ НА НАРОДНОТО СЪБРАНИЕ.,ПРОЕКТ,False,2014-10,Bliznashki,True,Right
77,ParlaMint-BG_2014-10-27.u8,46.85819814705353,1213.0,0.038630006716449734,21.167309703789048,"Report of the meeting of the Bulgarian National Assembly, Term 43, Session 1, Meeting 1 (2014-10-27)",2014-10-27,,43,1,1,2014-10-27,,Reference,Regular,MP,-,MRF,Парламентарна група: Движение за права и свободи,,"Ahmed Mestan, Lyutvi",M,1960,,,False,2014-10,Bliznashki,True,Right
78,ParlaMint-BG_2014-10-27.u80,1.5651682741332826,39.0,0.04013251984957135,1.5651682741332826,"Report of the meeting of the Bulgarian National Assembly, Term 43, Session 1, Meeting 1 (2014-10-27)",2014-10-27,,43,1,1,2014-10-27,,Reference,Chairperson,MP,-,GERB,Парламентарна група: Партия ГЕРБ,,"Tsacheva Dangovska, Tsetska",F,1958,ПРОЕКТ НА РЕШЕНИЕ ЗА ИЗБИРАНЕ НА ВРЕМЕННИ СЕКРЕТАРИ НА НАРОДНОТО СЪБРАНИЕ.,ПРОЕКТ,False,2014-10,Bliznashki,True,Right
79,ParlaMint-BG_2014-10-27.u81,0.0,21.0,0.0,0.0,"Report of the meeting of the Bulgarian National Assembly, Term 43, Session 1, Meeting 1 (2014-10-27)",2014-10-27,,43,1,1,2014-10-27,,Reference,Regular,MP,-,ABV,Парламентарна група: Алтернатива за българско възраждане,,"Georgiev Kalfin, Ivaylo",M,1964,ПРОЕКТ НА РЕШЕНИЕ ЗА ИЗБИРАНЕ НА ВРЕМЕННИ СЕКРЕТАРИ НА НАРОДНОТО СЪБРАНИЕ.,ПРОЕКТ,False,2014-10,Bliznashki,True,Left
80,ParlaMint-BG_2014-10-27.u82,3.4759007893334344,106.0,0.0327915168805041,2.4759007893334344,"Report of the meeting of the Bulgarian National Assembly, Term 43, Session 1, Meeting 1 (2014-10-27)",2014-10-27,,43,1,1,2014-10-27,,Reference,Chairperson,MP,-,GERB,Парламентарна група: Партия ГЕРБ,,"Tsacheva Dangovska, Tsetska",F,1958,ПРОЕКТ НА РЕШЕНИЕ ЗА ИЗБИРАНЕ НА ВРЕМЕННИ СЕКРЕТАРИ НА НАРОДНОТО СЪБРАНИЕ.,ПРОЕКТ,False,2014-10,Bliznashki,True,Right
81,ParlaMint-BG_2014-10-27.u83,1.163024869260824,45.0,0.02584499709468498,1.163024869260824,"Report of the meeting of the Bulgarian National Assembly, Term 43, Session 1, Meeting 1 (2014-10-27)",2014-10-27,,43,1,1,2014-10-27,,Reference,Regular,MP,-,GERB,Парламентарна група: Партия ГЕРБ,,"Genchev Tsvetanov, Tsvetan",M,1965,ПРОЕКТ НА РЕШЕНИЕ ЗА ИЗБИРАНЕ НА ВРЕМЕННА КОМИСИЯ ЗА ИЗРАБОТВАНЕ НА ПРОЕКТ НА ПРАВИЛНИК ЗА ОРГАНИЗАЦИЯТА И ДЕЙНОСТТА НА НАРОДНОТО СЪБРАНИЕ.,ПРОЕКТ,False,2014-10,Bliznashki,True,Right
82,ParlaMint-BG_2014-10-27.u84,7.0985412318391035,189.0,0.037558419216079914,6.540981294382627,"Report of the meeting of the Bulgarian National Assembly, Term 43, Session 1, Meeting 1 (2014-10-27)",2014-10-27,,43,1,1,2014-10-27,,Reference,Chairperson,MP,-,GERB,Парламентарна група: Партия ГЕРБ,,"Tsacheva Dangovska, Tsetska",F,1958,ПРОЕКТ НА РЕШЕНИЕ ЗА ИЗБИРАНЕ НА ВРЕМЕННА КОМИСИЯ ЗА ИЗРАБОТВАНЕ НА ПРОЕКТ НА ПРАВИЛНИК ЗА ОРГАНИЗАЦИЯТА И ДЕЙНОСТТА НА НАРОДНОТО СЪБРАНИЕ.,ПРОЕКТ,False,2014-10,Bliznashki,True,Right
83,ParlaMint-BG_2014-10-27.u85,0.5322233108800274,12.0,0.04435194257333561,0.5322233108800274,"Report of the meeting of the Bulgarian National Assembly, Term 43, Session 1, Meeting 1 (2014-10-27)",2014-10-27,,43,1,1,2014-10-27,,Reference,Regular,MP,-,BDC-NU,Парламентарна група: Български демократичен център - Народен съюз,,"Marinov Iontchev, Roumen",M,1971,ПРОЕКТ НА РЕШЕНИЕ ЗА ИЗБИРАНЕ НА ВРЕМЕННА КОМИСИЯ ЗА ИЗРАБОТВАНЕ НА ПРОЕКТ НА ПРАВИЛНИК ЗА ОРГАНИЗАЦИЯТА И ДЕЙНОСТТА НА НАРОДНОТО СЪБРАНИЕ.,ПРОЕКТ,False,2014-10,Bliznashki,True,Right
84,ParlaMint-BG_2014-10-27.u86,1.0,7.0,0.14285714285714285,1.0,"Report of the meeting of the Bulgarian National Assembly, Term 43, Session 1, Meeting 1 (2014-10-27)",2014-10-27,,43,1,1,2014-10-27,,Reference,Chairperson,MP,-,GERB,Парламентарна група: Партия ГЕРБ,,"Tsacheva Dangovska, Tsetska",F,1958,ПРОЕКТ НА РЕШЕНИЕ ЗА ИЗБИРАНЕ НА ВРЕМЕННА КОМИСИЯ ЗА ИЗРАБОТВАНЕ НА ПРОЕКТ НА ПРАВИЛНИК ЗА ОРГАНИЗАЦИЯТА И ДЕЙНОСТТА НА НАРОДНОТО СЪБРАНИЕ.,ПРОЕКТ,False,2014-10,Bliznashki,True,Right
85,ParlaMint-BG_2014-10-27.u87,1.7186044746607751,36.0,0.04773901318502153,1.7186044746607751,"Report of the meeting of the Bulgarian National Assembly, Term 43, Session 1, Meeting 1 (2014-10-27)",2014-10-27,,43,1,1,2014-10-27,,Reference,Regular,MP,-,MRF,Парламентарна група: Движение за права и свободи,,"Mehmedov Kardzhaliev, Tuncher",M,1969,ПРОЕКТ НА РЕШЕНИЕ ЗА ИЗБИРАНЕ НА ВРЕМЕННА КОМИСИЯ ЗА ИЗРАБОТВАНЕ НА ПРОЕКТ НА ПРАВИЛНИК ЗА ОРГАНИЗАЦИЯТА И ДЕЙНОСТТА НА НАРОДНОТО СЪБРАНИЕ.,ПРОЕКТ,False,2014-10,Bliznashki,True,Right
86,ParlaMint-BG_2014-10-27.u88,1.623051541801175,7.0,0.23186450597159644,1.623051541801175,"Report of the meeting of the Bulgarian National Assembly, Term 43, Session 1, Meeting 1 (2014-10-27)",2014-10-27,,43,1,1,2014-10-27,,Reference,Chairperson,MP,-,GERB,Парламентарна група: Партия ГЕРБ,,"Tsacheva Dangovska, Tsetska",F,1958,ПРОЕКТ НА РЕШЕНИЕ ЗА ИЗБИРАНЕ НА ВРЕМЕННА КОМИСИЯ ЗА ИЗРАБОТВАНЕ НА ПРОЕКТ НА ПРАВИЛНИК ЗА ОРГАНИЗАЦИЯТА И ДЕЙНОСТТА НА НАРОДНОТО СЪБРАНИЕ.,ПРОЕКТ,False,2014-10,Bliznashki,True,Right
87,ParlaMint-BG_2014-10-27.u89,2.260790688201827,17.0,0.13298768754128396,2.260790688201827,"Report of the meeting of the Bulgarian National Assembly, Term 43, Session 1, Meeting 1 (2014-10-27)",2014-10-27,,43,1,1,2014-10-27,,Reference,Regular,MP,-,RB,Парламентарна група: Реформаторски блок,,"Shtiliyanova Kuneva, Meglena",F,1957,ПРОЕКТ НА РЕШЕНИЕ ЗА ИЗБИРАНЕ НА ВРЕМЕННА КОМИСИЯ ЗА ИЗРАБОТВАНЕ НА ПРОЕКТ НА ПРАВИЛНИК ЗА ОРГАНИЗАЦИЯТА И ДЕЙНОСТТА НА НАРОДНОТО СЪБРАНИЕ.,ПРОЕКТ,False,2014-10,Bliznashki,True,Right
88,ParlaMint-BG_2014-10-27.u9,2.9319938919986255,29.0,0.10110323765512502,2.9319938919986255,"Report of the meeting of the Bulgarian National Assembly, Term 43, Session 1, Meeting 1 (2014-10-27)",2014-10-27,,43,1,1,2014-10-27,,Reference,Chairperson,MP,-,BSPLB,Парламентарна група: БСП лява България,,"Lambov Danailov, Stefan",M,1942,,,False,2014-10,Bliznashki,True,Left
89,ParlaMint-BG_2014-10-27.u90,1.5851448420151337,15.0,0.10567632280100892,1.5851448420151337,"Report of the meeting of the Bulgarian National Assembly, Term 43, Session 1, Meeting 1 (2014-10-27)",2014-10-27,,43,1,1,2014-10-27,,Reference,Chairperson,MP,-,GERB,Парламентарна група: Партия ГЕРБ,,"Tsacheva Dangovska, Tsetska",F,1958,ПРОЕКТ НА РЕШЕНИЕ ЗА ИЗБИРАНЕ НА ВРЕМЕННА КОМИСИЯ ЗА ИЗРАБОТВАНЕ НА ПРОЕКТ НА ПРАВИЛНИК ЗА ОРГАНИЗАЦИЯТА И ДЕЙНОСТТА НА НАРОДНОТО СЪБРАНИЕ.,ПРОЕКТ,False,2014-10,Bliznashki,True,Right
90,ParlaMint-BG_2014-10-27.u91,0.0,18.0,0.0,0.0,"Report of the meeting of the Bulgarian National Assembly, Term 43, Session 1, Meeting 1 (2014-10-27)",2014-10-27,,43,1,1,2014-10-27,,Reference,Regular,MP,-,ABV,Парламентарна група: Алтернатива за българско възраждане,,"Georgiev Kalfin, Ivaylo",M,1964,ПРОЕКТ НА РЕШЕНИЕ ЗА ИЗБИРАНЕ НА ВРЕМЕННА КОМИСИЯ ЗА ИЗРАБОТВАНЕ НА ПРОЕКТ НА ПРАВИЛНИК ЗА ОРГАНИЗАЦИЯТА И ДЕЙНОСТТА НА НАРОДНОТО СЪБРАНИЕ.,ПРОЕКТ,False,2014-10,Bliznashki,True,Left
91,ParlaMint-BG_2014-10-27.u92,52.26676674368535,1322.0,0.039536132181305104,48.392185349770585,"Report of the meeting of the Bulgarian National Assembly, Term 43, Session 1, Meeting 1 (2014-10-27)",2014-10-27,,43,1,1,2014-10-27,,Reference,Chairperson,MP,-,GERB,Парламентарна група: Партия ГЕРБ,,"Tsacheva Dangovska, Tsetska",F,1958,ПРОЕКТ НА РЕШЕНИЕ ЗА ИЗБИРАНЕ НА ВРЕМЕННА КОМИСИЯ ЗА ИЗРАБОТВАНЕ НА ПРОЕКТ НА ПРАВИЛНИК ЗА ОРГАНИЗАЦИЯТА И ДЕЙНОСТТА НА НАРОДНОТО СЪБРАНИЕ.,ПРОЕКТ,False,2014-10,Bliznashki,True,Right
0,ParlaMint-BG_2014-12-12.u1,5.522463197040832,189.0,0.029219381994925037,4.522463197040831,"Report of the meeting of the Bulgarian National Assembly, Term 43, Session 1, Meeting 21 (2014-12-12)",2014-12-12,,43,1,21,2014-12-12,,Reference,Chairperson,MP,-,GERB,Парламентарна група: Партия ГЕРБ,Coalition,"Tsacheva Dangovska, Tsetska",F,1958,,,False,2014-12,Borisov II,False,Right
1,ParlaMint-BG_2014-12-12.u10,23.495610601963218,582.0,0.040370464951826834,21.17324784741216,"Report of the meeting of the Bulgarian National Assembly, Term 43, Session 1, Meeting 21 (2014-12-12)",2014-12-12,,43,1,21,2014-12-12,,Reference,Regular,MP,-,BSPLB,Парламентарна група: БСП лява България,Opposition,"Boyanov Stoilov, Yanaki",M,1958,"ЗАКОНОПРОЕКТ ЗА РАТИФИЦИРАНЕ НА ДОГОВОРА ЗА ЗАЕМ МЕЖДУ РЕПУБЛИКА БЪЛГАРИЯ И ЕЙЧ ЕС БИ СИ БАНК ПИ ЕЛ СИ, СОСИЕТЕ ЖЕНЕРАЛ, СИТИБАНК, ЕН ЕЙ (КЛОН ЛОНДОН) И „УНИКРЕДИТ БУЛБАНК” АД – В РОЛЯТА НА РЕГИСТРАТОРИ И УПЪЛНОМОЩЕНИ ВОДЕЩИ ОРГАНИЗАТОРИ, И „УНИКРЕДИТ БАНК” АГ (КЛОН ЛОНДОН) – В РОЛЯТА НА АГЕНТ, № 402-02-7, ВНЕСЕН ОТ МИНИСТЕРСКИЯ СЪВЕТ НА 10 ДЕКЕМВРИ 2014 Г.",ЗАКОНОПРОЕКТ,False,2014-12,Borisov II,False,Left
2,ParlaMint-BG_2014-12-12.u100,0.0,7.0,0.0,0.0,"Report of the meeting of the Bulgarian National Assembly, Term 43, Session 1, Meeting 21 (2014-12-12)",2014-12-12,,43,1,21,2014-12-12,,Reference,Chairperson,MP,-,BDC-NU,Парламентарна група: Български демократичен център - Народен съюз,,"Iliev Haytov, Yavor",M,1969,ПРОЕКТ ЗА РЕШЕНИЕ ЗА ИЗБИРАНЕ НА ПРЕДСЕДАТЕЛ НА КОМИСИЯТА ПО КУЛТУРАТА И МЕДИИТЕ. С,ПРОЕКТ,False,2014-12,Borisov II,False,Right
3,ParlaMint-BG_2014-12-12.u101,6.418050376290603,115.0,0.05580913370687481,5.418050376290603,"Report of the meeting of the Bulgarian National Assembly, Term 43, Session 1, Meeting 21 (2014-12-12)",2014-12-12,,43,1,21,2014-12-12,,Reference,Regular,MP,-,AP,Парламентарна група: Партия Атака,,"Славов Чуколов, Десислав",M,1974,ПРОЕКТ ЗА РЕШЕНИЕ ЗА ИЗБИРАНЕ НА ПРЕДСЕДАТЕЛ НА КОМИСИЯТА ПО КУЛТУРАТА И МЕДИИТЕ. С,ПРОЕКТ,False,2014-12,Borisov II,False,Right
4,ParlaMint-BG_2014-12-12.u102,1.069956701093932,6.0,0.17832611684898866,1.069956701093932,"Report of the meeting of the Bulgarian National Assembly, Term 43, Session 1, Meeting 21 (2014-12-12)",2014-12-12,,43,1,21,2014-12-12,,Reference,Chairperson,MP,-,BDC-NU,Парламентарна група: Български демократичен център - Народен съюз,,"Iliev Haytov, Yavor",M,1969,ПРОЕКТ ЗА РЕШЕНИЕ ЗА ИЗБИРАНЕ НА ПРЕДСЕДАТЕЛ НА КОМИСИЯТА ПО КУЛТУРАТА И МЕДИИТЕ. С,ПРОЕКТ,False,2014-12,Borisov II,False,Right
5,ParlaMint-BG_2014-12-12.u103,12.677364538998035,292.0,0.04341563198286998,11.677364538998035,"Report of the meeting of the Bulgarian National Assembly, Term 43, Session 1, Meeting 21 (2014-12-12)",2014-12-12,,43,1,21,2014-12-12,,Reference,Chairperson,notMP,-,,,,"Shtiliyanova Kuneva, Meglena",F,1957,ПРОЕКТ ЗА РЕШЕНИЕ ЗА ИЗБИРАНЕ НА ПРЕДСЕДАТЕЛ НА КОМИСИЯТА ПО КУЛТУРАТА И МЕДИИТЕ. С,ПРОЕКТ,False,2014-12,Borisov II,False,
6,ParlaMint-BG_2014-12-12.u104,2.195101532538488,80.0,0.027438769156731102,2.195101532538488,"Report of the meeting of the Bulgarian National Assembly, Term 43, Session 1, Meeting 21 (2014-12-12)",2014-12-12,,43,1,21,2014-12-12,,Reference,Chairperson,MP,-,BDC-NU,Парламентарна група: Български демократичен център - Народен съюз,,"Iliev Haytov, Yavor",M,1969,ПРОЕКТ ЗА РЕШЕНИЕ ЗА ИЗБИРАНЕ НА ПРЕДСЕДАТЕЛ НА КОМИСИЯТА ПО КУЛТУРАТА И МЕДИИТЕ. С,ПРОЕКТ,False,2014-12,Borisov II,False,Right
7,ParlaMint-BG_2014-12-12.u105,10.316872486281762,209.0,0.049363026250151966,8.37073978901891,"Report of the meeting of the Bulgarian National Assembly, Term 43, Session 1, Meeting 21 (2014-12-12)",2014-12-12,,43,1,21,2014-12-12,,Reference,Regular,MP,-,BSPLB,Парламентарна група: БСП лява България,Opposition,"Todorov Bozhinov, Georgi",M,1949,ПРОЕКТ ЗА РЕШЕНИЕ ЗА ИЗБИРАНЕ НА ПРЕДСЕДАТЕЛ НА КОМИСИЯТА ПО КУЛТУРАТА И МЕДИИТЕ. С,ПРОЕКТ,False,2014-12,Borisov II,False,Left
8,ParlaMint-BG_2014-12-12.u106,1.6736268572739081,19.0,0.0880856240670478,1.6736268572739081,"Report of the meeting of the Bulgarian National Assembly, Term 43, Session 1, Meeting 21 (2014-12-12)",2014-12-12,,43,1,21,2014-12-12,,Reference,Chairperson,MP,-,BDC-NU,Парламентарна група: Български демократичен център - Народен съюз,,"Iliev Haytov, Yavor",M,1969,ПРОЕКТ ЗА РЕШЕНИЕ ЗА ИЗБИРАНЕ НА ПРЕДСЕДАТЕЛ НА КОМИСИЯТА ПО КУЛТУРАТА И МЕДИИТЕ. С,ПРОЕКТ,False,2014-12,Borisov II,False,Right
9,ParlaMint-BG_2014-12-12.u107,0.0,14.0,0.0,0.0,"Report of the meeting of the Bulgarian National Assembly, Term 43, Session 1, Meeting 21 (2014-12-12)",2014-12-12,,43,1,21,2014-12-12,,Reference,Regular,MP,-,BSPLB,Парламентарна група: БСП лява България,Opposition,"Todorov Bozhinov, Georgi",M,1949,ПРОЕКТ ЗА РЕШЕНИЕ ЗА ИЗБИРАНЕ НА ПРЕДСЕДАТЕЛ НА КОМИСИЯТА ПО КУЛТУРАТА И МЕДИИТЕ. С,ПРОЕКТ,False,2014-12,Borisov II,False,Left
10,ParlaMint-BG_2014-12-12.u108,26.1400110657487,422.0,0.061943154184238625,24.710521650868984,"Report of the meeting of the Bulgarian National Assembly, Term 43, Session 1, Meeting 21 (2014-12-12)",2014-12-12,,43,1,21,2014-12-12,,Reference,Chairperson,notMP,-,,,,"Shtiliyanova Kuneva, Meglena",F,1957,ПРОЕКТ ЗА РЕШЕНИЕ ЗА ИЗБИРАНЕ НА ПРЕДСЕДАТЕЛ НА КОМИСИЯТА ПО КУЛТУРАТА И МЕДИИТЕ. С,ПРОЕКТ,False,2014-12,Borisov II,False,
11,ParlaMint-BG_2014-12-12.u109,0.7063958285424129,14.0,0.050456844895886636,0.7063958285424129,"Report of the meeting of the Bulgarian National Assembly, Term 43, Session 1, Meeting 21 (2014-12-12)",2014-12-12,,43,1,21,2014-12-12,,Reference,Chairperson,MP,-,BDC-NU,Парламентарна група: Български демократичен център - Народен съюз,,"Iliev Haytov, Yavor",M,1969,ПРОЕКТ ЗА РЕШЕНИЕ ЗА ИЗБИРАНЕ НА ПРЕДСЕДАТЕЛ НА КОМИСИЯТА ПО КУЛТУРАТА И МЕДИИТЕ. С,ПРОЕКТ,False,2014-12,Borisov II,False,Right
12,ParlaMint-BG_2014-12-12.u11,0.0,19.0,0.0,0.0,"Report of the meeting of the Bulgarian National Assembly, Term 43, Session 1, Meeting 21 (2014-12-12)",2014-12-12,,43,1,21,2014-12-12,,Reference,Chairperson,MP,-,GERB,Парламентарна група: Партия ГЕРБ,Coalition,"Борисов Главчев, Димитър",M,1963,"ЗАКОНОПРОЕКТ ЗА РАТИФИЦИРАНЕ НА ДОГОВОРА ЗА ЗАЕМ МЕЖДУ РЕПУБЛИКА БЪЛГАРИЯ И ЕЙЧ ЕС БИ СИ БАНК ПИ ЕЛ СИ, СОСИЕТЕ ЖЕНЕРАЛ, СИТИБАНК, ЕН ЕЙ (КЛОН ЛОНДОН) И „УНИКРЕДИТ БУЛБАНК” АД – В РОЛЯТА НА РЕГИСТРАТОРИ И УПЪЛНОМОЩЕНИ ВОДЕЩИ ОРГАНИЗАТОРИ, И „УНИКРЕДИТ БАНК” АГ (КЛОН ЛОНДОН) – В РОЛЯТА НА АГЕНТ, № 402-02-7, ВНЕСЕН ОТ МИНИСТЕРСКИЯ СЪВЕТ НА 10 ДЕКЕМВРИ 2014 Г.",ЗАКОНОПРОЕКТ,False,2014-12,Borisov II,False,Right
13,ParlaMint-BG_2014-12-12.u110,17.182999332794896,253.0,0.0679169934102565,13.068006716186972,"Report of the meeting of the Bulgarian National Assembly, Term 43, Session 1, Meeting 21 (2014-12-12)",2014-12-12,,43,1,21,2014-12-12,,Reference,Regular,MP,-,BSPLB,Парламентарна група: БСП лява България,Opposition,"Todorov Bozhinov, Georgi",M,1949,ПРОЕКТ ЗА РЕШЕНИЕ ЗА ИЗБИРАНЕ НА ПРЕДСЕДАТЕЛ НА КОМИСИЯТА ПО КУЛТУРАТА И МЕДИИТЕ. С,ПРОЕКТ,False,2014-12,Borisov II,False,Left
14,ParlaMint-BG_2014-12-12.u111,0.5377333902139045,37.0,0.01453333487064607,0.5377333902139045,"Report of the meeting of the Bulgarian National Assembly, Term 43, Session 1, Meeting 21 (2014-12-12)",2014-12-12,,43,1,21,2014-12-12,,Reference,Chairperson,MP,-,BDC-NU,Парламентарна група: Български демократичен център - Народен съюз,,"Iliev Haytov, Yavor",M,1969,ПРОЕКТ ЗА РЕШЕНИЕ ЗА ИЗБИРАНЕ НА ПРЕДСЕДАТЕЛ НА КОМИСИЯТА ПО КУЛТУРАТА И МЕДИИТЕ. С,ПРОЕКТ,False,2014-12,Borisov II,False,Right
15,ParlaMint-BG_2014-12-12.u112,24.158659347900258,321.0,0.07526062102149612,22.256065031826466,"Report of the meeting of the Bulgarian National Assembly, Term 43, Session 1, Meeting 21 (2014-12-12)",2014-12-12,,43,1,21,2014-12-12,,Reference,Regular,MP,-,BSPLB,Парламентарна група: БСП лява България,Opposition,"Иванов Вигенин, Кристиан",M,1975,ПРОЕКТ ЗА РЕШЕНИЕ ЗА ИЗБИРАНЕ НА ПРЕДСЕДАТЕЛ НА КОМИСИЯТА ПО КУЛТУРАТА И МЕДИИТЕ. С,ПРОЕКТ,False,2014-12,Borisov II,False,Left
16,ParlaMint-BG_2014-12-12.u113,1.5660690541062734,20.0,0.07830345270531366,1.5660690541062734,"Report of the meeting of the Bulgarian National Assembly, Term 43, Session 1, Meeting 21 (2014-12-12)",2014-12-12,,43,1,21,2014-12-12,,Reference,Chairperson,MP,-,BDC-NU,Парламентарна група: Български демократичен център - Народен съюз,,"Iliev Haytov, Yavor",M,1969,ПРОЕКТ ЗА РЕШЕНИЕ ЗА ИЗБИРАНЕ НА ПРЕДСЕДАТЕЛ НА КОМИСИЯТА ПО КУЛТУРАТА И МЕДИИТЕ. С,ПРОЕКТ,False,2014-12,Borisov II,False,Right
17,ParlaMint-BG_2014-12-12.u114,64.20756279744532,706.0,0.09094555637031915,62.20756279744532,"Report of the meeting of the Bulgarian National Assembly, Term 43, Session 1, Meeting 21 (2014-12-12)",2014-12-12,,43,1,21,2014-12-12,,Reference,Chairperson,notMP,-,,,,"Shtiliyanova Kuneva, Meglena",F,1957,ПРОЕКТ ЗА РЕШЕНИЕ ЗА ИЗБИРАНЕ НА ПРЕДСЕДАТЕЛ НА КОМИСИЯТА ПО КУЛТУРАТА И МЕДИИТЕ. С,ПРОЕКТ,False,2014-12,Borisov II,False,
18,ParlaMint-BG_2014-12-12.u115,0.0,11.0,0.0,0.0,"Report of the meeting of the Bulgarian National Assembly, Term 43, Session 1, Meeting 21 (2014-12-12)",2014-12-12,,43,1,21,2014-12-12,,Reference,Chairperson,MP,-,BDC-NU,Парламентарна група: Български демократичен център - Народен съюз,,"Iliev Haytov, Yavor",M,1969,ПРОЕКТ ЗА РЕШЕНИЕ ЗА ИЗБИРАНЕ НА ПРЕДСЕДАТЕЛ НА КОМИСИЯТА ПО КУЛТУРАТА И МЕДИИТЕ. С,ПРОЕКТ,False,2014-12,Borisov II,False,Right
19,ParlaMint-BG_2014-12-12.u116,27.242629578916613,299.0,0.09111247350808233,25.800309516387937,"Report of the meeting of the Bulgarian National Assembly, Term 43, Session 1, Meeting 21 (2014-12-12)",2014-12-12,,43,1,21,2014-12-12,,Reference,Regular,MP,-,BSPLB,Парламентарна група: БСП лява България,Opposition,"Иванов Вигенин, Кристиан",M,1975,ПРОЕКТ ЗА РЕШЕНИЕ ЗА ИЗБИРАНЕ НА ПРЕДСЕДАТЕЛ НА КОМИСИЯТА ПО КУЛТУРАТА И МЕДИИТЕ. С,ПРОЕКТ,False,2014-12,Borisov II,False,Left
20,ParlaMint-BG_2014-12-12.u117,0.0,7.0,0.0,0.0,"Report of the meeting of the Bulgarian National Assembly, Term 43, Session 1, Meeting 21 (2014-12-12)",2014-12-12,,43,1,21,2014-12-12,,Reference,Chairperson,MP,-,BDC-NU,Парламентарна група: Български демократичен център - Народен съюз,,"Iliev Haytov, Yavor",M,1969,ПРОЕКТ ЗА РЕШЕНИЕ ЗА ИЗБИРАНЕ НА ПРЕДСЕДАТЕЛ НА КОМИСИЯТА ПО КУЛТУРАТА И МЕДИИТЕ. С,ПРОЕКТ,False,2014-12,Borisov II,False,Right
21,ParlaMint-BG_2014-12-12.u118,1.5057259066873752,28.0,0.05377592523883483,1.5057259066873752,"Report of the meeting of the Bulgarian National Assembly, Term 43, Session 1, Meeting 21 (2014-12-12)",2014-12-12,,43,1,21,2014-12-12,,Reference,Regular,MP,-,BSPLB,Парламентарна група: БСП лява България,Opposition,"Иванов Вигенин, Кристиан",M,1975,ПРОЕКТ ЗА РЕШЕНИЕ ЗА ИЗБИРАНЕ НА ПРЕДСЕДАТЕЛ НА КОМИСИЯТА ПО КУЛТУРАТА И МЕДИИТЕ. С,ПРОЕКТ,False,2014-12,Borisov II,False,Left
22,ParlaMint-BG_2014-12-12.u119,0.5322233108800274,8.0,0.06652791386000342,0.5322233108800274,"Report of the meeting of the Bulgarian National Assembly, Term 43, Session 1, Meeting 21 (2014-12-12)",2014-12-12,,43,1,21,2014-12-12,,Reference,Chairperson,MP,-,BDC-NU,Парламентарна група: Български демократичен център - Народен съюз,,"Iliev Haytov, Yavor",M,1969,ПРОЕКТ ЗА РЕШЕНИЕ ЗА ИЗБИРАНЕ НА ПРЕДСЕДАТЕЛ НА КОМИСИЯТА ПО КУЛТУРАТА И МЕДИИТЕ. С,ПРОЕКТ,False,2014-12,Borisov II,False,Right
23,ParlaMint-BG_2014-12-12.u12,4.170482283919755,633.0,0.006588439627045427,-17.637956388511192,"Report of the meeting of the Bulgarian National Assembly, Term 43, Session 1, Meeting 21 (2014-12-12)",2014-12-12,,43,1,21,2014-12-12,,Reference,Regular,MP,-,RB,Парламентарна група: Реформаторски блок,Coalition,"Dimitrov Dimitrov, Martin",M,1977,"ЗАКОНОПРОЕКТ ЗА РАТИФИЦИРАНЕ НА ДОГОВОРА ЗА ЗАЕМ МЕЖДУ РЕПУБЛИКА БЪЛГАРИЯ И ЕЙЧ ЕС БИ СИ БАНК ПИ ЕЛ СИ, СОСИЕТЕ ЖЕНЕРАЛ, СИТИБАНК, ЕН ЕЙ (КЛОН ЛОНДОН) И „УНИКРЕДИТ БУЛБАНК” АД – В РОЛЯТА НА РЕГИСТРАТОРИ И УПЪЛНОМОЩЕНИ ВОДЕЩИ ОРГАНИЗАТОРИ, И „УНИКРЕДИТ БАНК” АГ (КЛОН ЛОНДОН) – В РОЛЯТА НА АГЕНТ, № 402-02-7, ВНЕСЕН ОТ МИНИСТЕРСКИЯ СЪВЕТ НА 10 ДЕКЕМВРИ 2014 Г.",ЗАКОНОПРОЕКТ,False,2014-12,Borisov II,False,Right
24,ParlaMint-BG_2014-12-12.u120,17.562747746577774,250.0,0.0702509909863111,16.0231845338528,"Report of the meeting of the Bulgarian National Assembly, Term 43, Session 1, Meeting 21 (2014-12-12)",2014-12-12,,43,1,21,2014-12-12,,Reference,Chairperson,notMP,-,,,,"Shtiliyanova Kuneva, Meglena",F,1957,ПРОЕКТ ЗА РЕШЕНИЕ ЗА ИЗБИРАНЕ НА ПРЕДСЕДАТЕЛ НА КОМИСИЯТА ПО КУЛТУРАТА И МЕДИИТЕ. С,ПРОЕКТ,False,2014-12,Borisov II,False,
25,ParlaMint-BG_2014-12-12.u121,0.0,7.0,0.0,0.0,"Report of the meeting of the Bulgarian National Assembly, Term 43, Session 1, Meeting 21 (2014-12-12)",2014-12-12,,43,1,21,2014-12-12,,Reference,Chairperson,MP,-,BDC-NU,Парламентарна група: Български демократичен център - Народен съюз,,"Iliev Haytov, Yavor",M,1969,ПРОЕКТ ЗА РЕШЕНИЕ ЗА ИЗБИРАНЕ НА ПРЕДСЕДАТЕЛ НА КОМИСИЯТА ПО КУЛТУРАТА И МЕДИИТЕ. С,ПРОЕКТ,False,2014-12,Borisov II,False,Right
26,ParlaMint-BG_2014-12-12.u122,30.180235321841288,356.0,0.08477594191528452,30.180235321841288,"Report of the meeting of the Bulgarian National Assembly, Term 43, Session 1, Meeting 21 (2014-12-12)",2014-12-12,,43,1,21,2014-12-12,,Reference,Regular,MP,-,BSPLB,Парламентарна група: БСП лява България,Opposition,"Иванов Вигенин, Кристиан",M,1975,ПРОЕКТ ЗА РЕШЕНИЕ ЗА ИЗБИРАНЕ НА ПРЕДСЕДАТЕЛ НА КОМИСИЯТА ПО КУЛТУРАТА И МЕДИИТЕ. С,ПРОЕКТ,False,2014-12,Borisov II,False,Left
27,ParlaMint-BG_2014-12-12.u123,2.637329600002588,70.0,0.03767613714289411,2.637329600002588,"Report of the meeting of the Bulgarian National Assembly, Term 43, Session 1, Meeting 21 (2014-12-12)",2014-12-12,,43,1,21,2014-12-12,,Reference,Chairperson,MP,-,BDC-NU,Парламентарна група: Български демократичен център - Народен съюз,,"Iliev Haytov, Yavor",M,1969,ПРОЕКТ ЗА РЕШЕНИЕ ЗА ИЗБИРАНЕ НА ПРЕДСЕДАТЕЛ НА КОМИСИЯТА ПО КУЛТУРАТА И МЕДИИТЕ. С,ПРОЕКТ,False,2014-12,Borisov II,False,Right
28,ParlaMint-BG_2014-12-12.u124,5.996693163894386,193.0,0.031070949035722207,3.5486420536610686,"Report of the meeting of the Bulgarian National Assembly, Term 43, Session 1, Meeting 21 (2014-12-12)",2014-12-12,,43,1,21,2014-12-12,,Reference,Regular,MP,-,BSPLB,Парламентарна група: БСП лява България,Opposition,"Велков Стойнев, Драгомир",M,1976,ПРОЕКТ ЗА РЕШЕНИЕ ЗА ИЗБИРАНЕ НА ПРЕДСЕДАТЕЛ НА КОМИСИЯТА ПО КУЛТУРАТА И МЕДИИТЕ. С,ПРОЕКТ,False,2014-12,Borisov II,False,Left
29,ParlaMint-BG_2014-12-12.u125,0.0,11.0,0.0,0.0,"Report of the meeting of the Bulgarian National Assembly, Term 43, Session 1, Meeting 21 (2014-12-12)",2014-12-12,,43,1,21,2014-12-12,,Reference,Chairperson,MP,-,BDC-NU,Парламентарна група: Български демократичен център - Народен съюз,,"Iliev Haytov, Yavor",M,1969,ПРОЕКТ ЗА РЕШЕНИЕ ЗА ИЗБИРАНЕ НА ПРЕДСЕДАТЕЛ НА КОМИСИЯТА ПО КУЛТУРАТА И МЕДИИТЕ. С,ПРОЕКТ,False,2014-12,Borisov II,False,Right
30,ParlaMint-BG_2014-12-12.u126,7.130188573879591,328.0,0.02173837979841339,-2.9828174867317654,"Report of the meeting of the Bulgarian National Assembly, Term 43, Session 1, Meeting 21 (2014-12-12)",2014-12-12,,43,1,21,2014-12-12,,Reference,Chairperson,notMP,-,,,,"Пейков Дончев, Томислав",M,1973,ПРОЕКТ ЗА РЕШЕНИЕ ЗА ИЗБИРАНЕ НА ПРЕДСЕДАТЕЛ НА КОМИСИЯТА ПО КУЛТУРАТА И МЕДИИТЕ. С,ПРОЕКТ,False,2014-12,Borisov II,False,
31,ParlaMint-BG_2014-12-12.u127,0.0,10.0,0.0,0.0,"Report of the meeting of the Bulgarian National Assembly, Term 43, Session 1, Meeting 21 (2014-12-12)",2014-12-12,,43,1,21,2014-12-12,,Reference,Chairperson,MP,-,BDC-NU,Парламентарна група: Български демократичен център - Народен съюз,,"Iliev Haytov, Yavor",M,1969,ПРОЕКТ ЗА РЕШЕНИЕ ЗА ИЗБИРАНЕ НА ПРЕДСЕДАТЕЛ НА КОМИСИЯТА ПО КУЛТУРАТА И МЕДИИТЕ. С,ПРОЕКТ,False,2014-12,Borisov II,False,Right
32,ParlaMint-BG_2014-12-12.u128,13.342676813258285,235.0,0.05677734814152462,12.342676813258285,"Report of the meeting of the Bulgarian National Assembly, Term 43, Session 1, Meeting 21 (2014-12-12)",2014-12-12,,43,1,21,2014-12-12,,Reference,Regular,MP,-,BSPLB,Парламентарна група: БСП лява България,Opposition,"Велков Стойнев, Драгомир",M,1976,ПРОЕКТ ЗА РЕШЕНИЕ ЗА ИЗБИРАНЕ НА ПРЕДСЕДАТЕЛ НА КОМИСИЯТА ПО КУЛТУРАТА И МЕДИИТЕ. С,ПРОЕКТ,False,2014-12,Borisov II,False,Left
33,ParlaMint-BG_2014-12-12.u129,1.1278322257477047,59.0,0.019115800436401775,1.1278322257477047,"Report of the meeting of the Bulgarian National Assembly, Term 43, Session 1, Meeting 21 (2014-12-12)",2014-12-12,,43,1,21,2014-12-12,,Reference,Chairperson,MP,-,BDC-NU,Парламентарна група: Български демократичен център - Народен съюз,,"Iliev Haytov, Yavor",M,1969,ПРОЕКТ ЗА РЕШЕНИЕ ЗА ИЗБИРАНЕ НА ПРЕДСЕДАТЕЛ НА КОМИСИЯТА ПО КУЛТУРАТА И МЕДИИТЕ. С,ПРОЕКТ,False,2014-12,Borisov II,False,Right
34,ParlaMint-BG_2014-12-12.u13,0.0,4.0,0.0,0.0,"Report of the meeting of the Bulgarian National Assembly, Term 43, Session 1, Meeting 21 (2014-12-12)",2014-12-12,,43,1,21,2014-12-12,,Reference,Chairperson,MP,-,GERB,Парламентарна група: Партия ГЕРБ,Coalition,"Tsacheva Dangovska, Tsetska",F,1958,"ЗАКОНОПРОЕКТ ЗА РАТИФИЦИРАНЕ НА ДОГОВОРА ЗА ЗАЕМ МЕЖДУ РЕПУБЛИКА БЪЛГАРИЯ И ЕЙЧ ЕС БИ СИ БАНК ПИ ЕЛ СИ, СОСИЕТЕ ЖЕНЕРАЛ, СИТИБАНК, ЕН ЕЙ (КЛОН ЛОНДОН) И „УНИКРЕДИТ БУЛБАНК” АД – В РОЛЯТА НА РЕГИСТРАТОРИ И УПЪЛНОМОЩЕНИ ВОДЕЩИ ОРГАНИЗАТОРИ, И „УНИКРЕДИТ БАНК” АГ (КЛОН ЛОНДОН) – В РОЛЯТА НА АГЕНТ, № 402-02-7, ВНЕСЕН ОТ МИНИСТЕРСКИЯ СЪВЕТ НА 10 ДЕКЕМВРИ 2014 Г.",ЗАКОНОПРОЕКТ,False,2014-12,Borisov II,False,Right
35,ParlaMint-BG_2014-12-12.u130,-2.1626849522745735,80.0,-0.027033561903432167,-5.401342956893743,"Report of the meeting of the Bulgarian National Assembly, Term 43, Session 1, Meeting 21 (2014-12-12)",2014-12-12,,43,1,21,2014-12-12,,Reference,Regular,MP,-,BSPLB,Парламентарна група: БСП лява България,Opposition,"Велков Стойнев, Драгомир",M,1976,ПРОЕКТ ЗА РЕШЕНИЕ ЗА ИЗБИРАНЕ НА ПРЕДСЕДАТЕЛ НА КОМИСИЯТА ПО КУЛТУРАТА И МЕДИИТЕ. С,ПРОЕКТ,False,2014-12,Borisov II,False,Left
36,ParlaMint-BG_2014-12-12.u131,0.5148495637996748,5.0,0.10296991275993497,0.5148495637996748,"Report of the meeting of the Bulgarian National Assembly, Term 43, Session 1, Meeting 21 (2014-12-12)",2014-12-12,,43,1,21,2014-12-12,,Reference,Chairperson,MP,-,BDC-NU,Парламентарна група: Български демократичен център - Народен съюз,,"Iliev Haytov, Yavor",M,1969,ПРОЕКТ ЗА РЕШЕНИЕ ЗА ИЗБИРАНЕ НА ПРЕДСЕДАТЕЛ НА КОМИСИЯТА ПО КУЛТУРАТА И МЕДИИТЕ. С,ПРОЕКТ,False,2014-12,Borisov II,False,Right
37,ParlaMint-BG_2014-12-12.u132,1.044715018186561,12.0,0.08705958484888009,1.044715018186561,"Report of the meeting of the Bulgarian National Assembly, Term 43, Session 1, Meeting 21 (2014-12-12)",2014-12-12,,43,1,21,2014-12-12,,Reference,Chairperson,notMP,-,,,,"Пейков Дончев, Томислав",M,1973,ПРОЕКТ ЗА РЕШЕНИЕ ЗА ИЗБИРАНЕ НА ПРЕДСЕДАТЕЛ НА КОМИСИЯТА ПО КУЛТУРАТА И МЕДИИТЕ. С,ПРОЕКТ,False,2014-12,Borisov II,False,
38,ParlaMint-BG_2014-12-12.u133,0.0,3.0,0.0,0.0,"Report of the meeting of the Bulgarian National Assembly, Term 43, Session 1, Meeting 21 (2014-12-12)",2014-12-12,,43,1,21,2014-12-12,,Reference,Regular,MP,-,BSPLB,Парламентарна група: БСП лява България,Opposition,"Велков Стойнев, Драгомир",M,1976,ПРОЕКТ ЗА РЕШЕНИЕ ЗА ИЗБИРАНЕ НА ПРЕДСЕДАТЕЛ НА КОМИСИЯТА ПО КУЛТУРАТА И МЕДИИТЕ. С,ПРОЕКТ,False,2014-12,Borisov II,False,Left
39,ParlaMint-BG_2014-12-12.u134,3.7426530051093923,318.0,0.011769349072671045,-3.274840399742483,"Report of the meeting of the Bulgarian National Assembly, Term 43, Session 1, Meeting 21 (2014-12-12)",2014-12-12,,43,1,21,2014-12-12,,Reference,Chairperson,notMP,-,,,,"Пейков Дончев, Томислав",M,1973,ПРОЕКТ ЗА РЕШЕНИЕ ЗА ИЗБИРАНЕ НА ПРЕДСЕДАТЕЛ НА КОМИСИЯТА ПО КУЛТУРАТА И МЕДИИТЕ. С,ПРОЕКТ,False,2014-12,Borisov II,False,
40,ParlaMint-BG_2014-12-12.u135,0.0,7.0,0.0,0.0,"Report of the meeting of the Bulgarian National Assembly, Term 43, Session 1, Meeting 21 (2014-12-12)",2014-12-12,,43,1,21,2014-12-12,,Reference,Chairperson,MP,-,BDC-NU,Парламентарна група: Български демократичен център - Народен съюз,,"Iliev Haytov, Yavor",M,1969,ПРОЕКТ ЗА РЕШЕНИЕ ЗА ИЗБИРАНЕ НА ПРЕДСЕДАТЕЛ НА КОМИСИЯТА ПО КУЛТУРАТА И МЕДИИТЕ. С,ПРОЕКТ,False,2014-12,Borisov II,False,Right
41,ParlaMint-BG_2014-12-12.u136,8.280101178860253,308.0,0.026883445385909914,4.627382243230363,"Report of the meeting of the Bulgarian National Assembly, Term 43, Session 1, Meeting 21 (2014-12-12)",2014-12-12,,43,1,21,2014-12-12,,Reference,Regular,MP,-,BSPLB,Парламентарна група: БСП лява България,Opposition,"Велков Стойнев, Драгомир",M,1976,ПРОЕКТ ЗА РЕШЕНИЕ ЗА ИЗБИРАНЕ НА ПРЕДСЕДАТЕЛ НА КОМИСИЯТА ПО КУЛТУРАТА И МЕДИИТЕ. С,ПРОЕКТ,False,2014-12,Borisov II,False,Left
42,ParlaMint-BG_2014-12-12.u137,0.0,4.0,0.0,0.0,"Report of the meeting of the Bulgarian National Assembly, Term 43, Session 1, Meeting 21 (2014-12-12)",2014-12-12,,43,1,21,2014-12-12,,Reference,Chairperson,MP,-,GERB,Парламентарна група: Партия ГЕРБ,Coalition,"Борисов Главчев, Димитър",M,1963,ПРОЕКТ ЗА РЕШЕНИЕ ЗА ИЗБИРАНЕ НА ПРЕДСЕДАТЕЛ НА КОМИСИЯТА ПО КУЛТУРАТА И МЕДИИТЕ. С,ПРОЕКТ,False,2014-12,Borisov II,False,Right
43,ParlaMint-BG_2014-12-12.u138,0.49446061771418454,9.0,0.05494006863490939,0.49446061771418454,"Report of the meeting of the Bulgarian National Assembly, Term 43, Session 1, Meeting 21 (2014-12-12)",2014-12-12,,43,1,21,2014-12-12,,Reference,Regular,MP,-,BSPLB,Парламентарна група: БСП лява България,Opposition,"Велков Стойнев, Драгомир",M,1976,ПРОЕКТ ЗА РЕШЕНИЕ ЗА ИЗБИРАНЕ НА ПРЕДСЕДАТЕЛ НА КОМИСИЯТА ПО КУЛТУРАТА И МЕДИИТЕ. С,ПРОЕКТ,False,2014-12,Borisov II,False,Left
44,ParlaMint-BG_2014-12-12.u139,0.5377333902139045,8.0,0.06721667377673807,0.5377333902139045,"Report of the meeting of the Bulgarian National Assembly, Term 43, Session 1, Meeting 21 (2014-12-12)",2014-12-12,,43,1,21,2014-12-12,,Reference,Chairperson,MP,-,GERB,Парламентарна група: Партия ГЕРБ,Coalition,"Борисов Главчев, Димитър",M,1963,ПРОЕКТ ЗА РЕШЕНИЕ ЗА ИЗБИРАНЕ НА ПРЕДСЕДАТЕЛ НА КОМИСИЯТА ПО КУЛТУРАТА И МЕДИИТЕ. С,ПРОЕКТ,False,2014-12,Borisov II,False,Right
45,ParlaMint-BG_2014-12-12.u14,9.335266641275995,275.0,0.03394642415009453,8.335266641275995,"Report of the meeting of the Bulgarian National Assembly, Term 43, Session 1, Meeting 21 (2014-12-12)",2014-12-12,,43,1,21,2014-12-12,,Reference,Regular,MP,-,BSPLB,Парламентарна група: БСП лява България,Opposition,"Boyanov Stoilov, Yanaki",M,1958,"ЗАКОНОПРОЕКТ ЗА РАТИФИЦИРАНЕ НА ДОГОВОРА ЗА ЗАЕМ МЕЖДУ РЕПУБЛИКА БЪЛГАРИЯ И ЕЙЧ ЕС БИ СИ БАНК ПИ ЕЛ СИ, СОСИЕТЕ ЖЕНЕРАЛ, СИТИБАНК, ЕН ЕЙ (КЛОН ЛОНДОН) И „УНИКРЕДИТ БУЛБАНК” АД – В РОЛЯТА НА РЕГИСТРАТОРИ И УПЪЛНОМОЩЕНИ ВОДЕЩИ ОРГАНИЗАТОРИ, И „УНИКРЕДИТ БАНК” АГ (КЛОН ЛОНДОН) – В РОЛЯТА НА АГЕНТ, № 402-02-7, ВНЕСЕН ОТ МИНИСТЕРСКИЯ СЪВЕТ НА 10 ДЕКЕМВРИ 2014 Г.",ЗАКОНОПРОЕКТ,False,2014-12,Borisov II,False,Left
46,ParlaMint-BG_2014-12-12.u140,9.310491950640692,365.0,0.025508197125042993,1.4752165550012397,"Report of the meeting of the Bulgarian National Assembly, Term 43, Session 1, Meeting 21 (2014-12-12)",2014-12-12,,43,1,21,2014-12-12,,Reference,Chairperson,notMP,-,,,,"Пейков Дончев, Томислав",M,1973,ПРОЕКТ ЗА РЕШЕНИЕ ЗА ИЗБИРАНЕ НА ПРЕДСЕДАТЕЛ НА КОМИСИЯТА ПО КУЛТУРАТА И МЕДИИТЕ. С,ПРОЕКТ,False,2014-12,Borisov II,False,
47,ParlaMint-BG_2014-12-12.u141,3.608612998426977,74.0,0.04876504051928347,3.608612998426977,"Report of the meeting of the Bulgarian National Assembly, Term 43, Session 1, Meeting 21 (2014-12-12)",2014-12-12,,43,1,21,2014-12-12,,Reference,Chairperson,MP,-,BDC-NU,Парламентарна група: Български демократичен център - Народен съюз,,"Iliev Haytov, Yavor",M,1969,ПРОЕКТ ЗА РЕШЕНИЕ ЗА ИЗБИРАНЕ НА ПРЕДСЕДАТЕЛ НА КОМИСИЯТА ПО КУЛТУРАТА И МЕДИИТЕ. С,ПРОЕКТ,False,2014-12,Borisov II,False,Right
48,ParlaMint-BG_2014-12-12.u142,0.0,13.0,0.0,0.0,"Report of the meeting of the Bulgarian National Assembly, Term 43, Session 1, Meeting 21 (2014-12-12)",2014-12-12,,43,1,21,2014-12-12,,Reference,Regular,MP,-,BSPLB,Парламентарна група: БСП лява България,Opposition,"Bozhidarova Manolova, Maya",F,1965,ПРОЕКТ ЗА РЕШЕНИЕ ЗА ИЗБИРАНЕ НА ПРЕДСЕДАТЕЛ НА КОМИСИЯТА ПО КУЛТУРАТА И МЕДИИТЕ. С,ПРОЕКТ,False,2014-12,Borisov II,False,Left
49,ParlaMint-BG_2014-12-12.u143,2.1425063044937733,13.0,0.1648081772687518,2.1425063044937733,"Report of the meeting of the Bulgarian National Assembly, Term 43, Session 1, Meeting 21 (2014-12-12)",2014-12-12,,43,1,21,2014-12-12,,Reference,Chairperson,MP,-,BDC-NU,Парламентарна група: Български демократичен център - Народен съюз,,"Iliev Haytov, Yavor",M,1969,ПРОЕКТ ЗА РЕШЕНИЕ ЗА ИЗБИРАНЕ НА ПРЕДСЕДАТЕЛ НА КОМИСИЯТА ПО КУЛТУРАТА И МЕДИИТЕ. С,ПРОЕКТ,False,2014-12,Borisov II,False,Right
50,ParlaMint-BG_2014-12-12.u144,0.0,4.0,0.0,0.0,"Report of the meeting of the Bulgarian National Assembly, Term 43, Session 1, Meeting 21 (2014-12-12)",2014-12-12,,43,1,21,2014-12-12,,Reference,Regular,MP,-,BSPLB,Парламентарна група: БСП лява България,Opposition,"Bozhidarova Manolova, Maya",F,1965,ПРОЕКТ ЗА РЕШЕНИЕ ЗА ИЗБИРАНЕ НА ПРЕДСЕДАТЕЛ НА КОМИСИЯТА ПО КУЛТУРАТА И МЕДИИТЕ. С,ПРОЕКТ,False,2014-12,Borisov II,False,Left
51,ParlaMint-BG_2014-12-12.u145,0.562654542070622,3.0,0.18755151402354067,0.562654542070622,"Report of the meeting of the Bulgarian National Assembly, Term 43, Session 1, Meeting 21 (2014-12-12)",2014-12-12,,43,1,21,2014-12-12,,Reference,Chairperson,MP,-,BDC-NU,Парламентарна група: Български демократичен център - Народен съюз,,"Iliev Haytov, Yavor",M,1969,ПРОЕКТ ЗА РЕШЕНИЕ ЗА ИЗБИРАНЕ НА ПРЕДСЕДАТЕЛ НА КОМИСИЯТА ПО КУЛТУРАТА И МЕДИИТЕ. С,ПРОЕКТ,False,2014-12,Borisov II,False,Right
52,ParlaMint-BG_2014-12-12.u146,15.092101684241815,285.0,0.05295474275172567,12.092101684241815,"Report of the meeting of the Bulgarian National Assembly, Term 43, Session 1, Meeting 21 (2014-12-12)",2014-12-12,,43,1,21,2014-12-12,,Reference,Regular,MP,-,BSPLB,Парламентарна група: БСП лява България,Opposition,"Bozhidarova Manolova, Maya",F,1965,ПРОЕКТ ЗА РЕШЕНИЕ ЗА ИЗБИРАНЕ НА ПРЕДСЕДАТЕЛ НА КОМИСИЯТА ПО КУЛТУРАТА И МЕДИИТЕ. С,ПРОЕКТ,False,2014-12,Borisov II,False,Left
53,ParlaMint-BG_2014-12-12.u147,0.0,9.0,0.0,0.0,"Report of the meeting of the Bulgarian National Assembly, Term 43, Session 1, Meeting 21 (2014-12-12)",2014-12-12,,43,1,21,2014-12-12,,Reference,Chairperson,MP,-,BDC-NU,Парламентарна група: Български демократичен център - Народен съюз,,"Iliev Haytov, Yavor",M,1969,ПРОЕКТ ЗА РЕШЕНИЕ ЗА ИЗБИРАНЕ НА ПРЕДСЕДАТЕЛ НА КОМИСИЯТА ПО КУЛТУРАТА И МЕДИИТЕ. С,ПРОЕКТ,False,2014-12,Borisov II,False,Right
54,ParlaMint-BG_2014-12-12.u148,25.947222142809817,459.0,0.0565298957359691,24.681891570608084,"Report of the meeting of the Bulgarian National Assembly, Term 43, Session 1, Meeting 21 (2014-12-12)",2014-12-12,,43,1,21,2014-12-12,,Reference,Chairperson,notMP,-,,,,"Georgiev Kalfin, Ivaylo",M,1964,ПРОЕКТ ЗА РЕШЕНИЕ ЗА ИЗБИРАНЕ НА ПРЕДСЕДАТЕЛ НА КОМИСИЯТА ПО КУЛТУРАТА И МЕДИИТЕ. С,ПРОЕКТ,False,2014-12,Borisov II,False,
55,ParlaMint-BG_2014-12-12.u149,0.0,14.0,0.0,0.0,"Report of the meeting of the Bulgarian National Assembly, Term 43, Session 1, Meeting 21 (2014-12-12)",2014-12-12,,43,1,21,2014-12-12,,Reference,Chairperson,MP,-,BDC-NU,Парламентарна група: Български демократичен център - Народен съюз,,"Iliev Haytov, Yavor",M,1969,ПРОЕКТ ЗА РЕШЕНИЕ ЗА ИЗБИРАНЕ НА ПРЕДСЕДАТЕЛ НА КОМИСИЯТА ПО КУЛТУРАТА И МЕДИИТЕ. С,ПРОЕКТ,False,2014-12,Borisov II,False,Right
56,ParlaMint-BG_2014-12-12.u15,0.0,6.0,0.0,0.0,"Report of the meeting of the Bulgarian National Assembly, Term 43, Session 1, Meeting 21 (2014-12-12)",2014-12-12,,43,1,21,2014-12-12,,Reference,Chairperson,MP,-,GERB,Парламентарна група: Партия ГЕРБ,Coalition,"Tsacheva Dangovska, Tsetska",F,1958,"ЗАКОНОПРОЕКТ ЗА РАТИФИЦИРАНЕ НА ДОГОВОРА ЗА ЗАЕМ МЕЖДУ РЕПУБЛИКА БЪЛГАРИЯ И ЕЙЧ ЕС БИ СИ БАНК ПИ ЕЛ СИ, СОСИЕТЕ ЖЕНЕРАЛ, СИТИБАНК, ЕН ЕЙ (КЛОН ЛОНДОН) И „УНИКРЕДИТ БУЛБАНК” АД – В РОЛЯТА НА РЕГИСТРАТОРИ И УПЪЛНОМОЩЕНИ ВОДЕЩИ ОРГАНИЗАТОРИ, И „УНИКРЕДИТ БАНК” АГ (КЛОН ЛОНДОН) – В РОЛЯТА НА АГЕНТ, № 402-02-7, ВНЕСЕН ОТ МИНИСТЕРСКИЯ СЪВЕТ НА 10 ДЕКЕМВРИ 2014 Г.",ЗАКОНОПРОЕКТ,False,2014-12,Borisov II,False,Right
57,ParlaMint-BG_2014-12-12.u150,1.7561393383151847,16.0,0.10975870864469904,1.7561393383151847,"Report of the meeting of the Bulgarian National Assembly, Term 43, Session 1, Meeting 21 (2014-12-12)",2014-12-12,,43,1,21,2014-12-12,,Reference,Chairperson,notMP,-,,,,"Georgiev Kalfin, Ivaylo",M,1964,ПРОЕКТ ЗА РЕШЕНИЕ ЗА ИЗБИРАНЕ НА ПРЕДСЕДАТЕЛ НА КОМИСИЯТА ПО КУЛТУРАТА И МЕДИИТЕ. С,ПРОЕКТ,False,2014-12,Borisov II,False,
58,ParlaMint-BG_2014-12-12.u151,1.9770427241507686,13.0,0.15208020955005913,1.9770427241507686,"Report of the meeting of the Bulgarian National Assembly, Term 43, Session 1, Meeting 21 (2014-12-12)",2014-12-12,,43,1,21,2014-12-12,,Reference,Chairperson,MP,-,BDC-NU,Парламентарна група: Български демократичен център - Народен съюз,,"Iliev Haytov, Yavor",M,1969,ПРОЕКТ ЗА РЕШЕНИЕ ЗА ИЗБИРАНЕ НА ПРЕДСЕДАТЕЛ НА КОМИСИЯТА ПО КУЛТУРАТА И МЕДИИТЕ. С,ПРОЕКТ,False,2014-12,Borisov II,False,Right
59,ParlaMint-BG_2014-12-12.u152,7.946624326688518,130.0,0.06112787943606552,5.946624326688519,"Report of the meeting of the Bulgarian National Assembly, Term 43, Session 1, Meeting 21 (2014-12-12)",2014-12-12,,43,1,21,2014-12-12,,Reference,Chairperson,notMP,-,,,,"Georgiev Kalfin, Ivaylo",M,1964,ПРОЕКТ ЗА РЕШЕНИЕ ЗА ИЗБИРАНЕ НА ПРЕДСЕДАТЕЛ НА КОМИСИЯТА ПО КУЛТУРАТА И МЕДИИТЕ. С,ПРОЕКТ,False,2014-12,Borisov II,False,
60,ParlaMint-BG_2014-12-12.u153,0.0,7.0,0.0,0.0,"Report of the meeting of the Bulgarian National Assembly, Term 43, Session 1, Meeting 21 (2014-12-12)",2014-12-12,,43,1,21,2014-12-12,,Reference,Chairperson,MP,-,BDC-NU,Парламентарна група: Български демократичен център - Народен съюз,,"Iliev Haytov, Yavor",M,1969,ПРОЕКТ ЗА РЕШЕНИЕ ЗА ИЗБИРАНЕ НА ПРЕДСЕДАТЕЛ НА КОМИСИЯТА ПО КУЛТУРАТА И МЕДИИТЕ. С,ПРОЕКТ,False,2014-12,Borisov II,False,Right
61,ParlaMint-BG_2014-12-12.u154,19.66763160735682,288.0,0.06829038752554452,15.667631607356823,"Report of the meeting of the Bulgarian National Assembly, Term 43, Session 1, Meeting 21 (2014-12-12)",2014-12-12,,43,1,21,2014-12-12,,Reference,Regular,MP,-,BSPLB,Парламентарна група: БСП лява България,Opposition,"Bozhidarova Manolova, Maya",F,1965,ПРОЕКТ ЗА РЕШЕНИЕ ЗА ИЗБИРАНЕ НА ПРЕДСЕДАТЕЛ НА КОМИСИЯТА ПО КУЛТУРАТА И МЕДИИТЕ. С,ПРОЕКТ,False,2014-12,Borisov II,False,Left
62,ParlaMint-BG_2014-12-12.u155,0.474405930540455,11.0,0.04312781186731409,0.474405930540455,"Report of the meeting of the Bulgarian National Assembly, Term 43, Session 1, Meeting 21 (2014-12-12)",2014-12-12,,43,1,21,2014-12-12,,Reference,Chairperson,MP,-,BDC-NU,Парламентарна група: Български демократичен център - Народен съюз,,"Iliev Haytov, Yavor",M,1969,ПРОЕКТ ЗА РЕШЕНИЕ ЗА ИЗБИРАНЕ НА ПРЕДСЕДАТЕЛ НА КОМИСИЯТА ПО КУЛТУРАТА И МЕДИИТЕ. С,ПРОЕКТ,False,2014-12,Borisov II,False,Right
63,ParlaMint-BG_2014-12-12.u156,5.37219282295962,59.0,0.09105411564338338,5.106862250757884,"Report of the meeting of the Bulgarian National Assembly, Term 43, Session 1, Meeting 21 (2014-12-12)",2014-12-12,,43,1,21,2014-12-12,,Reference,Regular,MP,-,BSPLB,Парламентарна група: БСП лява България,Opposition,"Bozhidarova Manolova, Maya",F,1965,ПРОЕКТ ЗА РЕШЕНИЕ ЗА ИЗБИРАНЕ НА ПРЕДСЕДАТЕЛ НА КОМИСИЯТА ПО КУЛТУРАТА И МЕДИИТЕ. С,ПРОЕКТ,False,2014-12,Borisov II,False,Left
64,ParlaMint-BG_2014-12-12.u157,0.0,8.0,0.0,0.0,"Report of the meeting of the Bulgarian National Assembly, Term 43, Session 1, Meeting 21 (2014-12-12)",2014-12-12,,43,1,21,2014-12-12,,Reference,Chairperson,MP,-,BDC-NU,Парламентарна група: Български демократичен център - Народен съюз,,"Iliev Haytov, Yavor",M,1969,ПРОЕКТ ЗА РЕШЕНИЕ ЗА ИЗБИРАНЕ НА ПРЕДСЕДАТЕЛ НА КОМИСИЯТА ПО КУЛТУРАТА И МЕДИИТЕ. С,ПРОЕКТ,False,2014-12,Borisov II,False,Right
65,ParlaMint-BG_2014-12-12.u158,0.0,7.0,0.0,0.0,"Report of the meeting of the Bulgarian National Assembly, Term 43, Session 1, Meeting 21 (2014-12-12)",2014-12-12,,43,1,21,2014-12-12,,Reference,Regular,MP,-,BSPLB,Парламентарна група: БСП лява България,Opposition,"Bozhidarova Manolova, Maya",F,1965,ПРОЕКТ ЗА РЕШЕНИЕ ЗА ИЗБИРАНЕ НА ПРЕДСЕДАТЕЛ НА КОМИСИЯТА ПО КУЛТУРАТА И МЕДИИТЕ. С,ПРОЕКТ,False,2014-12,Borisov II,False,Left
66,ParlaMint-BG_2014-12-12.u159,0.5377333902139045,7.0,0.0768190557448435,0.5377333902139045,"Report of the meeting of the Bulgarian National Assembly, Term 43, Session 1, Meeting 21 (2014-12-12)",2014-12-12,,43,1,21,2014-12-12,,Reference,Chairperson,MP,-,BDC-NU,Парламентарна група: Български демократичен център - Народен съюз,,"Iliev Haytov, Yavor",M,1969,ПРОЕКТ ЗА РЕШЕНИЕ ЗА ИЗБИРАНЕ НА ПРЕДСЕДАТЕЛ НА КОМИСИЯТА ПО КУЛТУРАТА И МЕДИИТЕ. С,ПРОЕКТ,False,2014-12,Borisov II,False,Right
67,ParlaMint-BG_2014-12-12.u16,-1.0556884428039517,58.0,-0.0182015248759302,-3.6663499801910078,"Report of the meeting of the Bulgarian National Assembly, Term 43, Session 1, Meeting 21 (2014-12-12)",2014-12-12,,43,1,21,2014-12-12,,Reference,Regular,MP,-,RB,Парламентарна група: Реформаторски блок,Coalition,"Yakubov Ismailov, Korman",M,1972,"ЗАКОНОПРОЕКТ ЗА РАТИФИЦИРАНЕ НА ДОГОВОРА ЗА ЗАЕМ МЕЖДУ РЕПУБЛИКА БЪЛГАРИЯ И ЕЙЧ ЕС БИ СИ БАНК ПИ ЕЛ СИ, СОСИЕТЕ ЖЕНЕРАЛ, СИТИБАНК, ЕН ЕЙ (КЛОН ЛОНДОН) И „УНИКРЕДИТ БУЛБАНК” АД – В РОЛЯТА НА РЕГИСТРАТОРИ И УПЪЛНОМОЩЕНИ ВОДЕЩИ ОРГАНИЗАТОРИ, И „УНИКРЕДИТ БАНК” АГ (КЛОН ЛОНДОН) – В РОЛЯТА НА АГЕНТ, № 402-02-7, ВНЕСЕН ОТ МИНИСТЕРСКИЯ СЪВЕТ НА 10 ДЕКЕМВРИ 2014 Г.",ЗАКОНОПРОЕКТ,False,2014-12,Borisov II,False,Right
68,ParlaMint-BG_2014-12-12.u160,11.541288999486992,264.0,0.04371700378593558,9.791681217462681,"Report of the meeting of the Bulgarian National Assembly, Term 43, Session 1, Meeting 21 (2014-12-12)",2014-12-12,,43,1,21,2014-12-12,,Reference,Chairperson,notMP,-,,,,"Georgiev Kalfin, Ivaylo",M,1964,ПРОЕКТ ЗА РЕШЕНИЕ ЗА ИЗБИРАНЕ НА ПРЕДСЕДАТЕЛ НА КОМИСИЯТА ПО КУЛТУРАТА И МЕДИИТЕ. С,ПРОЕКТ,False,2014-12,Borisov II,False,
69,ParlaMint-BG_2014-12-12.u161,-1.0,37.0,-0.02702702702702703,-2.0,"Report of the meeting of the Bulgarian National Assembly, Term 43, Session 1, Meeting 21 (2014-12-12)",2014-12-12,,43,1,21,2014-12-12,,Reference,Chairperson,MP,-,BDC-NU,Парламентарна група: Български демократичен център - Народен съюз,,"Iliev Haytov, Yavor",M,1969,ПРОЕКТ ЗА РЕШЕНИЕ ЗА ИЗБИРАНЕ НА ПРЕДСЕДАТЕЛ НА КОМИСИЯТА ПО КУЛТУРАТА И МЕДИИТЕ. С,ПРОЕКТ,False,2014-12,Borisov II,False,Right
70,ParlaMint-BG_2014-12-12.u162,22.865616676875845,504.0,0.045368287057293344,19.59634044662221,"Report of the meeting of the Bulgarian National Assembly, Term 43, Session 1, Meeting 21 (2014-12-12)",2014-12-12,,43,1,21,2014-12-12,,Reference,Regular,MP,-,PF,Парламентарна група: Патриотичен фронт,Opposition,"Василев Веселинов, Искрен",M,1972,ПРОЕКТ ЗА РЕШЕНИЕ ЗА ИЗБИРАНЕ НА ПРЕДСЕДАТЕЛ НА КОМИСИЯТА ПО КУЛТУРАТА И МЕДИИТЕ. С,ПРОЕКТ,False,2014-12,Borisov II,False,Right
71,ParlaMint-BG_2014-12-12.u163,0.5189961794265713,13.0,0.03992278303281317,0.5189961794265713,"Report of the meeting of the Bulgarian National Assembly, Term 43, Session 1, Meeting 21 (2014-12-12)",2014-12-12,,43,1,21,2014-12-12,,Reference,Chairperson,MP,-,BDC-NU,Парламентарна група: Български демократичен център - Народен съюз,,"Iliev Haytov, Yavor",M,1969,ПРОЕКТ ЗА РЕШЕНИЕ ЗА ИЗБИРАНЕ НА ПРЕДСЕДАТЕЛ НА КОМИСИЯТА ПО КУЛТУРАТА И МЕДИИТЕ. С,ПРОЕКТ,False,2014-12,Borisov II,False,Right
72,ParlaMint-BG_2014-12-12.u164,38.33358446289441,624.0,0.061432026382843605,36.36006300277024,"Report of the meeting of the Bulgarian National Assembly, Term 43, Session 1, Meeting 21 (2014-12-12)",2014-12-12,,43,1,21,2014-12-12,,Reference,Chairperson,notMP,-,,,,"Georgiev Kalfin, Ivaylo",M,1964,ПРОЕКТ ЗА РЕШЕНИЕ ЗА ИЗБИРАНЕ НА ПРЕДСЕДАТЕЛ НА КОМИСИЯТА ПО КУЛТУРАТА И МЕДИИТЕ. С,ПРОЕКТ,False,2014-12,Borisov II,False,
73,ParlaMint-BG_2014-12-12.u165,0.0,14.0,0.0,0.0,"Report of the meeting of the Bulgarian National Assembly, Term 43, Session 1, Meeting 21 (2014-12-12)",2014-12-12,,43,1,21,2014-12-12,,Reference,Chairperson,MP,-,BDC-NU,Парламентарна група: Български демократичен център - Народен съюз,,"Iliev Haytov, Yavor",M,1969,ПРОЕКТ ЗА РЕШЕНИЕ ЗА ИЗБИРАНЕ НА ПРЕДСЕДАТЕЛ НА КОМИСИЯТА ПО КУЛТУРАТА И МЕДИИТЕ. С,ПРОЕКТ,False,2014-12,Borisov II,False,Right
74,ParlaMint-BG_2014-12-12.u166,11.191503031341533,154.0,0.07267209760611384,10.191503031341533,"Report of the meeting of the Bulgarian National Assembly, Term 43, Session 1, Meeting 21 (2014-12-12)",2014-12-12,,43,1,21,2014-12-12,,Reference,Regular,MP,-,PF,Парламентарна група: Патриотичен фронт,Opposition,"Василев Веселинов, Искрен",M,1972,ПРОЕКТ ЗА РЕШЕНИЕ ЗА ИЗБИРАНЕ НА ПРЕДСЕДАТЕЛ НА КОМИСИЯТА ПО КУЛТУРАТА И МЕДИИТЕ. С,ПРОЕКТ,False,2014-12,Borisov II,False,Right
75,ParlaMint-BG_2014-12-12.u167,0.0,27.0,0.0,0.0,"Report of the meeting of the Bulgarian National Assembly, Term 43, Session 1, Meeting 21 (2014-12-12)",2014-12-12,,43,1,21,2014-12-12,,Reference,Chairperson,MP,-,BDC-NU,Парламентарна група: Български демократичен център - Народен съюз,,"Iliev Haytov, Yavor",M,1969,ПРОЕКТ ЗА РЕШЕНИЕ ЗА ИЗБИРАНЕ НА ПРЕДСЕДАТЕЛ НА КОМИСИЯТА ПО КУЛТУРАТА И МЕДИИТЕ. С,ПРОЕКТ,False,2014-12,Borisov II,False,Right
76,ParlaMint-BG_2014-12-12.u168,11.66354265586826,147.0,0.07934382759094055,11.66354265586826,"Report of the meeting of the Bulgarian National Assembly, Term 43, Session 1, Meeting 21 (2014-12-12)",2014-12-12,,43,1,21,2014-12-12,,Reference,Chairperson,notMP,-,,,,"Georgiev Kalfin, Ivaylo",M,1964,ПРОЕКТ ЗА РЕШЕНИЕ ЗА ИЗБИРАНЕ НА ПРЕДСЕДАТЕЛ НА КОМИСИЯТА ПО КУЛТУРАТА И МЕДИИТЕ. С,ПРОЕКТ,False,2014-12,Borisov II,False,
77,ParlaMint-BG_2014-12-12.u169,1.1452165072371798,23.0,0.04979202205379043,1.1452165072371798,"Report of the meeting of the Bulgarian National Assembly, Term 43, Session 1, Meeting 21 (2014-12-12)",2014-12-12,,43,1,21,2014-12-12,,Reference,Chairperson,MP,-,BDC-NU,Парламентарна група: Български демократичен център - Народен съюз,,"Iliev Haytov, Yavor",M,1969,ПРОЕКТ ЗА РЕШЕНИЕ ЗА ИЗБИРАНЕ НА ПРЕДСЕДАТЕЛ НА КОМИСИЯТА ПО КУЛТУРАТА И МЕДИИТЕ. С,ПРОЕКТ,False,2014-12,Borisov II,False,Right
78,ParlaMint-BG_2014-12-12.u17,0.0,4.0,0.0,0.0,"Report of the meeting of the Bulgarian National Assembly, Term 43, Session 1, Meeting 21 (2014-12-12)",2014-12-12,,43,1,21,2014-12-12,,Reference,Chairperson,MP,-,GERB,Парламентарна група: Партия ГЕРБ,Coalition,"Tsacheva Dangovska, Tsetska",F,1958,"ЗАКОНОПРОЕКТ ЗА РАТИФИЦИРАНЕ НА ДОГОВОРА ЗА ЗАЕМ МЕЖДУ РЕПУБЛИКА БЪЛГАРИЯ И ЕЙЧ ЕС БИ СИ БАНК ПИ ЕЛ СИ, СОСИЕТЕ ЖЕНЕРАЛ, СИТИБАНК, ЕН ЕЙ (КЛОН ЛОНДОН) И „УНИКРЕДИТ БУЛБАНК” АД – В РОЛЯТА НА РЕГИСТРАТОРИ И УПЪЛНОМОЩЕНИ ВОДЕЩИ ОРГАНИЗАТОРИ, И „УНИКРЕДИТ БАНК” АГ (КЛОН ЛОНДОН) – В РОЛЯТА НА АГЕНТ, № 402-02-7, ВНЕСЕН ОТ МИНИСТЕРСКИЯ СЪВЕТ НА 10 ДЕКЕМВРИ 2014 Г.",ЗАКОНОПРОЕКТ,False,2014-12,Borisov II,False,Right
79,ParlaMint-BG_2014-12-12.u170,5.939931397834373,66.0,0.08999896057324808,3.939931397834373,"Report of the meeting of the Bulgarian National Assembly, Term 43, Session 1, Meeting 21 (2014-12-12)",2014-12-12,,43,1,21,2014-12-12,,Reference,Regular,MP,-,PF,Парламентарна група: Патриотичен фронт,Opposition,"Василев Веселинов, Искрен",M,1972,ПРОЕКТ ЗА РЕШЕНИЕ ЗА ИЗБИРАНЕ НА ПРЕДСЕДАТЕЛ НА КОМИСИЯТА ПО КУЛТУРАТА И МЕДИИТЕ. С,ПРОЕКТ,False,2014-12,Borisov II,False,Right
80,ParlaMint-BG_2014-12-12.u171,2.4049998916894646,65.0,0.03699999833368407,2.4049998916894646,"Report of the meeting of the Bulgarian National Assembly, Term 43, Session 1, Meeting 21 (2014-12-12)",2014-12-12,,43,1,21,2014-12-12,,Reference,Chairperson,MP,-,BDC-NU,Парламентарна група: Български демократичен център - Народен съюз,,"Iliev Haytov, Yavor",M,1969,ПРОЕКТ ЗА РЕШЕНИЕ ЗА ИЗБИРАНЕ НА ПРЕДСЕДАТЕЛ НА КОМИСИЯТА ПО КУЛТУРАТА И МЕДИИТЕ. С,ПРОЕКТ,False,2014-12,Borisov II,False,Right
81,ParlaMint-BG_2014-12-12.u172,4.005990179302646,210.0,0.01907614371096498,0.16708909773896685,"Report of the meeting of the Bulgarian National Assembly, Term 43, Session 1, Meeting 21 (2014-12-12)",2014-12-12,,43,1,21,2014-12-12,,Reference,Regular,MP,-,BDC-NU,Парламентарна група: Български демократичен център - Народен съюз,,"Georgiev Kenov, Stefan",M,1980,ПРОЕКТ ЗА РЕШЕНИЕ ЗА ИЗБИРАНЕ НА ПРЕДСЕДАТЕЛ НА КОМИСИЯТА ПО КУЛТУРАТА И МЕДИИТЕ. С,ПРОЕКТ,False,2014-12,Borisov II,False,Right
82,ParlaMint-BG_2014-12-12.u173,0.5322233108800274,9.0,0.05913592343111415,0.5322233108800274,"Report of the meeting of the Bulgarian National Assembly, Term 43, Session 1, Meeting 21 (2014-12-12)",2014-12-12,,43,1,21,2014-12-12,,Reference,Chairperson,MP,-,BDC-NU,Парламентарна група: Български демократичен център - Народен съюз,,"Iliev Haytov, Yavor",M,1969,ПРОЕКТ ЗА РЕШЕНИЕ ЗА ИЗБИРАНЕ НА ПРЕДСЕДАТЕЛ НА КОМИСИЯТА ПО КУЛТУРАТА И МЕДИИТЕ. С,ПРОЕКТ,False,2014-12,Borisov II,False,Right
83,ParlaMint-BG_2014-12-12.u174,9.436952870912918,407.0,0.02318661639044943,6.536280816268897,"Report of the meeting of the Bulgarian National Assembly, Term 43, Session 1, Meeting 21 (2014-12-12)",2014-12-12,,43,1,21,2014-12-12,,Reference,Regular,notMP,-,,,,"Жекова Танева, Десислава",F,1972,ПРОЕКТ ЗА РЕШЕНИЕ ЗА ИЗБИРАНЕ НА ПРЕДСЕДАТЕЛ НА КОМИСИЯТА ПО КУЛТУРАТА И МЕДИИТЕ. С,ПРОЕКТ,False,2014-12,Borisov II,False,
84,ParlaMint-BG_2014-12-12.u175,0.5322233108800274,9.0,0.05913592343111415,0.5322233108800274,"Report of the meeting of the Bulgarian National Assembly, Term 43, Session 1, Meeting 21 (2014-12-12)",2014-12-12,,43,1,21,2014-12-12,,Reference,Chairperson,MP,-,BDC-NU,Парламентарна група: Български демократичен център - Народен съюз,,"Iliev Haytov, Yavor",M,1969,ПРОЕКТ ЗА РЕШЕНИЕ ЗА ИЗБИРАНЕ НА ПРЕДСЕДАТЕЛ НА КОМИСИЯТА ПО КУЛТУРАТА И МЕДИИТЕ. С,ПРОЕКТ,False,2014-12,Borisov II,False,Right
85,ParlaMint-BG_2014-12-12.u176,5.7086153856363495,162.0,0.03523836657800216,5.7086153856363495,"Report of the meeting of the Bulgarian National Assembly, Term 43, Session 1, Meeting 21 (2014-12-12)",2014-12-12,,43,1,21,2014-12-12,,Reference,Regular,MP,-,BDC-NU,Парламентарна група: Български демократичен център - Народен съюз,,"Georgiev Kenov, Stefan",M,1980,ПРОЕКТ ЗА РЕШЕНИЕ ЗА ИЗБИРАНЕ НА ПРЕДСЕДАТЕЛ НА КОМИСИЯТА ПО КУЛТУРАТА И МЕДИИТЕ. С,ПРОЕКТ,False,2014-12,Borisov II,False,Right
86,ParlaMint-BG_2014-12-12.u177,1.7763525296363447,10.0,0.17763525296363447,1.7763525296363447,"Report of the meeting of the Bulgarian National Assembly, Term 43, Session 1, Meeting 21 (2014-12-12)",2014-12-12,,43,1,21,2014-12-12,,Reference,Chairperson,MP,-,BDC-NU,Парламентарна група: Български демократичен център - Народен съюз,,"Iliev Haytov, Yavor",M,1969,ПРОЕКТ ЗА РЕШЕНИЕ ЗА ИЗБИРАНЕ НА ПРЕДСЕДАТЕЛ НА КОМИСИЯТА ПО КУЛТУРАТА И МЕДИИТЕ. С,ПРОЕКТ,False,2014-12,Borisov II,False,Right
87,ParlaMint-BG_2014-12-12.u178,5.172943238572873,138.0,0.03748509593168748,4.571626961053338,"Report of the meeting of the Bulgarian National Assembly, Term 43, Session 1, Meeting 21 (2014-12-12)",2014-12-12,,43,1,21,2014-12-12,,Reference,Regular,notMP,-,,,,"Жекова Танева, Десислава",F,1972,ПРОЕКТ ЗА РЕШЕНИЕ ЗА ИЗБИРАНЕ НА ПРЕДСЕДАТЕЛ НА КОМИСИЯТА ПО КУЛТУРАТА И МЕДИИТЕ. С,ПРОЕКТ,False,2014-12,Borisov II,False,
88,ParlaMint-BG_2014-12-12.u179,4.177348469134565,103.0,0.040556781253733645,4.177348469134565,"Report of the meeting of the Bulgarian National Assembly, Term 43, Session 1, Meeting 21 (2014-12-12)",2014-12-12,,43,1,21,2014-12-12,,Reference,Chairperson,MP,-,BDC-NU,Парламентарна група: Български демократичен център - Народен съюз,,"Iliev Haytov, Yavor",M,1969,ПРОЕКТ ЗА РЕШЕНИЕ ЗА ИЗБИРАНЕ НА ПРЕДСЕДАТЕЛ НА КОМИСИЯТА ПО КУЛТУРАТА И МЕДИИТЕ. С,ПРОЕКТ,False,2014-12,Borisov II,False,Right
89,ParlaMint-BG_2014-12-12.u18,9.655295440859934,192.0,0.050287997087812154,8.693728766274901,"Report of the meeting of the Bulgarian National Assembly, Term 43, Session 1, Meeting 21 (2014-12-12)",2014-12-12,,43,1,21,2014-12-12,,Reference,Regular,MP,-,BSPLB,Парламентарна група: БСП лява България,Opposition,"Христов Янков, Красимир",M,1974,"ЗАКОНОПРОЕКТ ЗА РАТИФИЦИРАНЕ НА ДОГОВОРА ЗА ЗАЕМ МЕЖДУ РЕПУБЛИКА БЪЛГАРИЯ И ЕЙЧ ЕС БИ СИ БАНК ПИ ЕЛ СИ, СОСИЕТЕ ЖЕНЕРАЛ, СИТИБАНК, ЕН ЕЙ (КЛОН ЛОНДОН) И „УНИКРЕДИТ БУЛБАНК” АД – В РОЛЯТА НА РЕГИСТРАТОРИ И УПЪЛНОМОЩЕНИ ВОДЕЩИ ОРГАНИЗАТОРИ, И „УНИКРЕДИТ БАНК” АГ (КЛОН ЛОНДОН) – В РОЛЯТА НА АГЕНТ, № 402-02-7, ВНЕСЕН ОТ МИНИСТЕРСКИЯ СЪВЕТ НА 10 ДЕКЕМВРИ 2014 Г.",ЗАКОНОПРОЕКТ,False,2014-12,Borisov II,False,Left
90,ParlaMint-BG_2014-12-12.u180,6.575530791893366,212.0,0.03101665467874229,4.962876806000696,"Report of the meeting of the Bulgarian National Assembly, Term 43, Session 1, Meeting 21 (2014-12-12)",2014-12-12,,43,1,21,2014-12-12,,Reference,Regular,MP,-,BSPLB,Парламентарна група: БСП лява България,Opposition,"Bozhidarova Manolova, Maya",F,1965,ПРОЕКТ ЗА РЕШЕНИЕ ЗА ИЗБИРАНЕ НА ПРЕДСЕДАТЕЛ НА КОМИСИЯТА ПО КУЛТУРАТА И МЕДИИТЕ. С,ПРОЕКТ,False,2014-12,Borisov II,False,Left
91,ParlaMint-BG_2014-12-12.u181,0.5322233108800274,7.0,0.07603190155428963,0.5322233108800274,"Report of the meeting of the Bulgarian National Assembly, Term 43, Session 1, Meeting 21 (2014-12-12)",2014-12-12,,43,1,21,2014-12-12,,Reference,Chairperson,MP,-,BDC-NU,Парламентарна група: Български демократичен център - Народен съюз,,"Iliev Haytov, Yavor",M,1969,ПРОЕКТ ЗА РЕШЕНИЕ ЗА ИЗБИРАНЕ НА ПРЕДСЕДАТЕЛ НА КОМИСИЯТА ПО КУЛТУРАТА И МЕДИИТЕ. С,ПРОЕКТ,False,2014-12,Borisov II,False,Right
92,ParlaMint-BG_2014-12-12.u182,23.578026611074215,592.0,0.03982774765384158,20.934396711918197,"Report of the meeting of the Bulgarian National Assembly, Term 43, Session 1, Meeting 21 (2014-12-12)",2014-12-12,,43,1,21,2014-12-12,,Reference,Regular,notMP,-,,,,"Жекова Танева, Десислава",F,1972,ПРОЕКТ ЗА РЕШЕНИЕ ЗА ИЗБИРАНЕ НА ПРЕДСЕДАТЕЛ НА КОМИСИЯТА ПО КУЛТУРАТА И МЕДИИТЕ. С,ПРОЕКТ,False,2014-12,Borisov II,False,
93,ParlaMint-BG_2014-12-12.u183,1.0,6.0,0.16666666666666666,1.0,"Report of the meeting of the Bulgarian National Assembly, Term 43, Session 1, Meeting 21 (2014-12-12)",2014-12-12,,43,1,21,2014-12-12,,Reference,Chairperson,MP,-,BDC-NU,Парламентарна група: Български демократичен център - Народен съюз,,"Iliev Haytov, Yavor",M,1969,ПРОЕКТ ЗА РЕШЕНИЕ ЗА ИЗБИРАНЕ НА ПРЕДСЕДАТЕЛ НА КОМИСИЯТА ПО КУЛТУРАТА И МЕДИИТЕ. С,ПРОЕКТ,False,2014-12,Borisov II,False,Right
94,ParlaMint-BG_2014-12-12.u184,1.5885464503753373,37.0,0.042933687847982085,1.2410871555354235,"Report of the meeting of the Bulgarian National Assembly, Term 43, Session 1, Meeting 21 (2014-12-12)",2014-12-12,,43,1,21,2014-12-12,,Reference,Regular,notMP,-,,,,"Жекова Танева, Десислава",F,1972,ПРОЕКТ ЗА РЕШЕНИЕ ЗА ИЗБИРАНЕ НА ПРЕДСЕДАТЕЛ НА КОМИСИЯТА ПО КУЛТУРАТА И МЕДИИТЕ. С,ПРОЕКТ,False,2014-12,Borisov II,False,
95,ParlaMint-BG_2014-12-12.u185,0.5322233108800274,10.0,0.05322233108800274,0.5322233108800274,"Report of the meeting of the Bulgarian National Assembly, Term 43, Session 1, Meeting 21 (2014-12-12)",2014-12-12,,43,1,21,2014-12-12,,Reference,Chairperson,MP,-,BDC-NU,Парламентарна група: Български демократичен център - Народен съюз,,"Iliev Haytov, Yavor",M,1969,ПРОЕКТ ЗА РЕШЕНИЕ ЗА ИЗБИРАНЕ НА ПРЕДСЕДАТЕЛ НА КОМИСИЯТА ПО КУЛТУРАТА И МЕДИИТЕ. С,ПРОЕКТ,False,2014-12,Borisov II,False,Right
96,ParlaMint-BG_2014-12-12.u186,13.653945693938873,258.0,0.05292227013154602,11.653945693938873,"Report of the meeting of the Bulgarian National Assembly, Term 43, Session 1, Meeting 21 (2014-12-12)",2014-12-12,,43,1,21,2014-12-12,,Reference,Regular,MP,-,BSPLB,Парламентарна група: БСП лява България,Opposition,"Bozhidarova Manolova, Maya",F,1965,ПРОЕКТ ЗА РЕШЕНИЕ ЗА ИЗБИРАНЕ НА ПРЕДСЕДАТЕЛ НА КОМИСИЯТА ПО КУЛТУРАТА И МЕДИИТЕ. С,ПРОЕКТ,False,2014-12,Borisov II,False,Left
97,ParlaMint-BG_2014-12-12.u187,1.069956701093932,9.0,0.11888407789932577,1.069956701093932,"Report of the meeting of the Bulgarian National Assembly, Term 43, Session 1, Meeting 21 (2014-12-12)",2014-12-12,,43,1,21,2014-12-12,,Reference,Chairperson,MP,-,BDC-NU,Парламентарна група: Български демократичен център - Народен съюз,,"Iliev Haytov, Yavor",M,1969,ПРОЕКТ ЗА РЕШЕНИЕ ЗА ИЗБИРАНЕ НА ПРЕДСЕДАТЕЛ НА КОМИСИЯТА ПО КУЛТУРАТА И МЕДИИТЕ. С,ПРОЕКТ,False,2014-12,Borisov II,False,Right
98,ParlaMint-BG_2014-12-12.u188,21.82630251386122,339.0,0.06438437319723073,21.053698625843342,"Report of the meeting of the Bulgarian National Assembly, Term 43, Session 1, Meeting 21 (2014-12-12)",2014-12-12,,43,1,21,2014-12-12,,Reference,Regular,notMP,-,,,,"Жекова Танева, Десислава",F,1972,ПРОЕКТ ЗА РЕШЕНИЕ ЗА ИЗБИРАНЕ НА ПРЕДСЕДАТЕЛ НА КОМИСИЯТА ПО КУЛТУРАТА И МЕДИИТЕ. С,ПРОЕКТ,False,2014-12,Borisov II,False,
99,ParlaMint-BG_2014-12-12.u189,0.5322233108800274,21.0,0.02534396718476321,0.5322233108800274,"Report of the meeting of the Bulgarian National Assembly, Term 43, Session 1, Meeting 21 (2014-12-12)",2014-12-12,,43,1,21,2014-12-12,,Reference,Chairperson,MP,-,BDC-NU,Парламентарна група: Български демократичен център - Народен съюз,,"Iliev Haytov, Yavor",M,1969,ПРОЕКТ ЗА РЕШЕНИЕ ЗА ИЗБИРАНЕ НА ПРЕДСЕДАТЕЛ НА КОМИСИЯТА ПО КУЛТУРАТА И МЕДИИТЕ. С,ПРОЕКТ,False,2014-12,Borisov II,False,Right
100,ParlaMint-BG_2014-12-12.u19,0.0,1.0,0.0,0.0,"Report of the meeting of the Bulgarian National Assembly, Term 43, Session 1, Meeting 21 (2014-12-12)",2014-12-12,,43,1,21,2014-12-12,,Reference,Chairperson,MP,-,GERB,Парламентарна група: Партия ГЕРБ,Coalition,"Tsacheva Dangovska, Tsetska",F,1958,"ЗАКОНОПРОЕКТ ЗА РАТИФИЦИРАНЕ НА ДОГОВОРА ЗА ЗАЕМ МЕЖДУ РЕПУБЛИКА БЪЛГАРИЯ И ЕЙЧ ЕС БИ СИ БАНК ПИ ЕЛ СИ, СОСИЕТЕ ЖЕНЕРАЛ, СИТИБАНК, ЕН ЕЙ (КЛОН ЛОНДОН) И „УНИКРЕДИТ БУЛБАНК” АД – В РОЛЯТА НА РЕГИСТРАТОРИ И УПЪЛНОМОЩЕНИ ВОДЕЩИ ОРГАНИЗАТОРИ, И „УНИКРЕДИТ БАНК” АГ (КЛОН ЛОНДОН) – В РОЛЯТА НА АГЕНТ, № 402-02-7, ВНЕСЕН ОТ МИНИСТЕРСКИЯ СЪВЕТ НА 10 ДЕКЕМВРИ 2014 Г.",ЗАКОНОПРОЕКТ,False,2014-12,Borisov II,False,Right
101,ParlaMint-BG_2014-12-12.u190,-0.418487565369588,120.0,-0.0034873963780798997,-1.4184875653695879,"Report of the meeting of the Bulgarian National Assembly, Term 43, Session 1, Meeting 21 (2014-12-12)",2014-12-12,,43,1,21,2014-12-12,,Reference,Regular,MP,-,BSPLB,Парламентарна група: БСП лява България,Opposition,"Христов Янков, Красимир",M,1974,ПРОЕКТ ЗА РЕШЕНИЕ ЗА ИЗБИРАНЕ НА ПРЕДСЕДАТЕЛ НА КОМИСИЯТА ПО КУЛТУРАТА И МЕДИИТЕ. С,ПРОЕКТ,False,2014-12,Borisov II,False,Left
102,ParlaMint-BG_2014-12-12.u191,0.5322233108800274,9.0,0.05913592343111415,0.5322233108800274,"Report of the meeting of the Bulgarian National Assembly, Term 43, Session 1, Meeting 21 (2014-12-12)",2014-12-12,,43,1,21,2014-12-12,,Reference,Chairperson,MP,-,BDC-NU,Парламентарна група: Български демократичен център - Народен съюз,,"Iliev Haytov, Yavor",M,1969,ПРОЕКТ ЗА РЕШЕНИЕ ЗА ИЗБИРАНЕ НА ПРЕДСЕДАТЕЛ НА КОМИСИЯТА ПО КУЛТУРАТА И МЕДИИТЕ. С,ПРОЕКТ,False,2014-12,Borisov II,False,Right
103,ParlaMint-BG_2014-12-12.u192,17.894616537055057,484.0,0.0369723482170559,17.63025972174692,"Report of the meeting of the Bulgarian National Assembly, Term 43, Session 1, Meeting 21 (2014-12-12)",2014-12-12,,43,1,21,2014-12-12,,Reference,Regular,notMP,-,,,,"Жекова Танева, Десислава",F,1972,ПРОЕКТ ЗА РЕШЕНИЕ ЗА ИЗБИРАНЕ НА ПРЕДСЕДАТЕЛ НА КОМИСИЯТА ПО КУЛТУРАТА И МЕДИИТЕ. С,ПРОЕКТ,False,2014-12,Borisov II,False,
104,ParlaMint-BG_2014-12-12.u193,0.0,5.0,0.0,0.0,"Report of the meeting of the Bulgarian National Assembly, Term 43, Session 1, Meeting 21 (2014-12-12)",2014-12-12,,43,1,21,2014-12-12,,Reference,Chairperson,MP,-,BDC-NU,Парламентарна група: Български демократичен център - Народен съюз,,"Iliev Haytov, Yavor",M,1969,ПРОЕКТ ЗА РЕШЕНИЕ ЗА ИЗБИРАНЕ НА ПРЕДСЕДАТЕЛ НА КОМИСИЯТА ПО КУЛТУРАТА И МЕДИИТЕ. С,ПРОЕКТ,False,2014-12,Borisov II,False,Right
105,ParlaMint-BG_2014-12-12.u194,4.788500838799345,91.0,0.05262088833845434,3.788500838799344,"Report of the meeting of the Bulgarian National Assembly, Term 43, Session 1, Meeting 21 (2014-12-12)",2014-12-12,,43,1,21,2014-12-12,,Reference,Regular,MP,-,BSPLB,Парламентарна група: БСП лява България,Opposition,"Христов Янков, Красимир",M,1974,ПРОЕКТ ЗА РЕШЕНИЕ ЗА ИЗБИРАНЕ НА ПРЕДСЕДАТЕЛ НА КОМИСИЯТА ПО КУЛТУРАТА И МЕДИИТЕ. С,ПРОЕКТ,False,2014-12,Borisov II,False,Left
106,ParlaMint-BG_2014-12-12.u195,1.069956701093932,9.0,0.11888407789932577,1.069956701093932,"Report of the meeting of the Bulgarian National Assembly, Term 43, Session 1, Meeting 21 (2014-12-12)",2014-12-12,,43,1,21,2014-12-12,,Reference,Chairperson,MP,-,BDC-NU,Парламентарна група: Български демократичен център - Народен съюз,,"Iliev Haytov, Yavor",M,1969,ПРОЕКТ ЗА РЕШЕНИЕ ЗА ИЗБИРАНЕ НА ПРЕДСЕДАТЕЛ НА КОМИСИЯТА ПО КУЛТУРАТА И МЕДИИТЕ. С,ПРОЕКТ,False,2014-12,Borisov II,False,Right
107,ParlaMint-BG_2014-12-12.u196,0.6922164058802438,81.0,0.008545881554077085,-1.3077835941197562,"Report of the meeting of the Bulgarian National Assembly, Term 43, Session 1, Meeting 21 (2014-12-12)",2014-12-12,,43,1,21,2014-12-12,,Reference,Regular,notMP,-,,,,"Жекова Танева, Десислава",F,1972,ПРОЕКТ ЗА РЕШЕНИЕ ЗА ИЗБИРАНЕ НА ПРЕДСЕДАТЕЛ НА КОМИСИЯТА ПО КУЛТУРАТА И МЕДИИТЕ. С,ПРОЕКТ,False,2014-12,Borisov II,False,
108,ParlaMint-BG_2014-12-12.u197,1.5855778653461512,37.0,0.042853455820166246,1.5855778653461512,"Report of the meeting of the Bulgarian National Assembly, Term 43, Session 1, Meeting 21 (2014-12-12)",2014-12-12,,43,1,21,2014-12-12,,Reference,Chairperson,MP,-,BDC-NU,Парламентарна група: Български демократичен център - Народен съюз,,"Iliev Haytov, Yavor",M,1969,ПРОЕКТ ЗА РЕШЕНИЕ ЗА ИЗБИРАНЕ НА ПРЕДСЕДАТЕЛ НА КОМИСИЯТА ПО КУЛТУРАТА И МЕДИИТЕ. С,ПРОЕКТ,False,2014-12,Borisov II,False,Right
109,ParlaMint-BG_2014-12-12.u198,1.559227963261124,236.0,0.006606898149411542,-3.459317801714894,"Report of the meeting of the Bulgarian National Assembly, Term 43, Session 1, Meeting 21 (2014-12-12)",2014-12-12,,43,1,21,2014-12-12,,Reference,Regular,MP,-,GERB,Парламентарна група: Партия ГЕРБ,Coalition,"Ivanov Andonov, Georgi",M,1984,ПРОЕКТ ЗА РЕШЕНИЕ ЗА ИЗБИРАНЕ НА ПРЕДСЕДАТЕЛ НА КОМИСИЯТА ПО КУЛТУРАТА И МЕДИИТЕ. С,ПРОЕКТ,False,2014-12,Borisov II,False,Right
110,ParlaMint-BG_2014-12-12.u199,0.5322233108800274,9.0,0.05913592343111415,0.5322233108800274,"Report of the meeting of the Bulgarian National Assembly, Term 43, Session 1, Meeting 21 (2014-12-12)",2014-12-12,,43,1,21,2014-12-12,,Reference,Chairperson,MP,-,BDC-NU,Парламентарна група: Български демократичен център - Народен съюз,,"Iliev Haytov, Yavor",M,1969,ПРОЕКТ ЗА РЕШЕНИЕ ЗА ИЗБИРАНЕ НА ПРЕДСЕДАТЕЛ НА КОМИСИЯТА ПО КУЛТУРАТА И МЕДИИТЕ. С,ПРОЕКТ,False,2014-12,Borisov II,False,Right
111,ParlaMint-BG_2014-12-12.u2,15.398666687408383,470.0,0.0327631206115072,13.398666687408383,"Report of the meeting of the Bulgarian National Assembly, Term 43, Session 1, Meeting 21 (2014-12-12)",2014-12-12,,43,1,21,2014-12-12,,Reference,Regular,MP,-,GERB,Парламентарна група: Партия ГЕРБ,Coalition,"Кирилова Стоянова, Менда",F,1956,"ЗАКОНОПРОЕКТ ЗА РАТИФИЦИРАНЕ НА ДОГОВОРА ЗА ЗАЕМ МЕЖДУ РЕПУБЛИКА БЪЛГАРИЯ И ЕЙЧ ЕС БИ СИ БАНК ПИ ЕЛ СИ, СОСИЕТЕ ЖЕНЕРАЛ, СИТИБАНК, ЕН ЕЙ (КЛОН ЛОНДОН) И „УНИКРЕДИТ БУЛБАНК” АД – В РОЛЯТА НА РЕГИСТРАТОРИ И УПЪЛНОМОЩЕНИ ВОДЕЩИ ОРГАНИЗАТОРИ, И „УНИКРЕДИТ БАНК” АГ (КЛОН ЛОНДОН) – В РОЛЯТА НА АГЕНТ, № 402-02-7, ВНЕСЕН ОТ МИНИСТЕРСКИЯ СЪВЕТ НА 10 ДЕКЕМВРИ 2014 Г.",ЗАКОНОПРОЕКТ,False,2014-12,Borisov II,False,Right
112,ParlaMint-BG_2014-12-12.u20,11.24607559954629,352.0,0.03194907840780196,3.635715666238922,"Report of the meeting of the Bulgarian National Assembly, Term 43, Session 1, Meeting 21 (2014-12-12)",2014-12-12,,43,1,21,2014-12-12,,Reference,Regular,MP,-,RB,Парламентарна група: Реформаторски блок,Coalition,"Dimitrov Dimitrov, Martin",M,1977,"ЗАКОНОПРОЕКТ ЗА РАТИФИЦИРАНЕ НА ДОГОВОРА ЗА ЗАЕМ МЕЖДУ РЕПУБЛИКА БЪЛГАРИЯ И ЕЙЧ ЕС БИ СИ БАНК ПИ ЕЛ СИ, СОСИЕТЕ ЖЕНЕРАЛ, СИТИБАНК, ЕН ЕЙ (КЛОН ЛОНДОН) И „УНИКРЕДИТ БУЛБАНК” АД – В РОЛЯТА НА РЕГИСТРАТОРИ И УПЪЛНОМОЩЕНИ ВОДЕЩИ ОРГАНИЗАТОРИ, И „УНИКРЕДИТ БАНК” АГ (КЛОН ЛОНДОН) – В РОЛЯТА НА АГЕНТ, № 402-02-7, ВНЕСЕН ОТ МИНИСТЕРСКИЯ СЪВЕТ НА 10 ДЕКЕМВРИ 2014 Г.",ЗАКОНОПРОЕКТ,False,2014-12,Borisov II,False,Right
113,ParlaMint-BG_2014-12-12.u200,-3.8314249725015745,580.0,-0.006605905125002714,-17.917476530905056,"Report of the meeting of the Bulgarian National Assembly, Term 43, Session 1, Meeting 21 (2014-12-12)",2014-12-12,,43,1,21,2014-12-12,,Reference,Regular,notMP,-,,,,"Жекова Танева, Десислава",F,1972,ПРОЕКТ ЗА РЕШЕНИЕ ЗА ИЗБИРАНЕ НА ПРЕДСЕДАТЕЛ НА КОМИСИЯТА ПО КУЛТУРАТА И МЕДИИТЕ. С,ПРОЕКТ,False,2014-12,Borisov II,False,
114,ParlaMint-BG_2014-12-12.u201,1.0512194903065986,9.0,0.11680216558962206,1.0512194903065986,"Report of the meeting of the Bulgarian National Assembly, Term 43, Session 1, Meeting 21 (2014-12-12)",2014-12-12,,43,1,21,2014-12-12,,Reference,Chairperson,MP,-,BDC-NU,Парламентарна група: Български демократичен център - Народен съюз,,"Iliev Haytov, Yavor",M,1969,ПРОЕКТ ЗА РЕШЕНИЕ ЗА ИЗБИРАНЕ НА ПРЕДСЕДАТЕЛ НА КОМИСИЯТА ПО КУЛТУРАТА И МЕДИИТЕ. С,ПРОЕКТ,False,2014-12,Borisov II,False,Right
115,ParlaMint-BG_2014-12-12.u202,1.7700394796185384,23.0,0.07695823824428427,1.1929868961882621,"Report of the meeting of the Bulgarian National Assembly, Term 43, Session 1, Meeting 21 (2014-12-12)",2014-12-12,,43,1,21,2014-12-12,,Reference,Regular,notMP,-,,,,"Жекова Танева, Десислава",F,1972,ПРОЕКТ ЗА РЕШЕНИЕ ЗА ИЗБИРАНЕ НА ПРЕДСЕДАТЕЛ НА КОМИСИЯТА ПО КУЛТУРАТА И МЕДИИТЕ. С,ПРОЕКТ,False,2014-12,Borisov II,False,
116,ParlaMint-BG_2014-12-12.u203,0.0,7.0,0.0,0.0,"Report of the meeting of the Bulgarian National Assembly, Term 43, Session 1, Meeting 21 (2014-12-12)",2014-12-12,,43,1,21,2014-12-12,,Reference,Chairperson,MP,-,BDC-NU,Парламентарна група: Български демократичен център - Народен съюз,,"Iliev Haytov, Yavor",M,1969,ПРОЕКТ ЗА РЕШЕНИЕ ЗА ИЗБИРАНЕ НА ПРЕДСЕДАТЕЛ НА КОМИСИЯТА ПО КУЛТУРАТА И МЕДИИТЕ. С,ПРОЕКТ,False,2014-12,Borisov II,False,Right