Unnamed: 0,ID,Sentiment,Word_total,Score,Title,Date,Body,Term,Session,Meeting,Sitting,Agenda,Subcorpus,Speaker_role,Speaker_MP,Speaker_Minister,Speaker_party,Speaker_party_name,Party_status,Speaker_name,Speaker_gender,Speaker_birth,Topic_title,Question,Debate,YearMonth,Government,Bloc
0,ParlaMint-DK_20141024100001,3.402574517616083,272.0,0.012509465138294422,"Hansard of the session of the Danish Parliament (Folketinget), 20141, M8 (2014-10-24), final version",2014-10-24,,,20141,8,,,Reference,Chairperson,MP,-,S,Socialdemokratiet,Coalition,"Lykketoft, Mogens",M,1946,Punkt 0,False,False,2014-10,Thorning-Schmidt II,Left
1,ParlaMint-DK_20141024100126,0.5548025392061983,9.0,0.06164472657846647,"Hansard of the session of the Danish Parliament (Folketinget), 20141, M8 (2014-10-24), final version",2014-10-24,,,20141,8,,,Reference,Chairperson,MP,-,S,Socialdemokratiet,Coalition,"Lykketoft, Mogens",M,1946,Forhandling af R 2: Om det nordiske samarbejde 2013-2014.,False,False,2014-10,Thorning-Schmidt II,Left
2,ParlaMint-DK_20141024100138,66.36530007657824,1271.0,0.05221502759762253,"Hansard of the session of the Danish Parliament (Folketinget), 20141, M8 (2014-10-24), final version",2014-10-24,,,20141,8,,,Reference,Regular,MP,-,V,Venstre,Opposition,"Haarder, Bertel",M,1944,Forhandling af R 2: Om det nordiske samarbejde 2013-2014.,False,False,2014-10,Thorning-Schmidt II,Right
3,ParlaMint-DK_20141024101238,0.0,9.0,0.0,"Hansard of the session of the Danish Parliament (Folketinget), 20141, M8 (2014-10-24), final version",2014-10-24,,,20141,8,,,Reference,Chairperson,MP,-,S,Socialdemokratiet,Coalition,"Lykketoft, Mogens",M,1946,Forhandling af R 2: Om det nordiske samarbejde 2013-2014.,False,False,2014-10,Thorning-Schmidt II,Left
4,ParlaMint-DK_20141024101241,11.031510075805123,119.0,0.0927017653429002,"Hansard of the session of the Danish Parliament (Folketinget), 20141, M8 (2014-10-24), final version",2014-10-24,,,20141,8,,,Reference,Regular,MP,-,EL,Enhedslisten,,"Sørensen, Finn",M,1946,Forhandling af R 2: Om det nordiske samarbejde 2013-2014.,False,False,2014-10,Thorning-Schmidt II,Left
5,ParlaMint-DK_20141024101335,0.0,1.0,0.0,"Hansard of the session of the Danish Parliament (Folketinget), 20141, M8 (2014-10-24), final version",2014-10-24,,,20141,8,,,Reference,Chairperson,MP,-,S,Socialdemokratiet,Coalition,"Lykketoft, Mogens",M,1946,Forhandling af R 2: Om det nordiske samarbejde 2013-2014.,False,False,2014-10,Thorning-Schmidt II,Left
6,ParlaMint-DK_20141024101336,12.666838335964778,128.0,0.09895967449972483,"Hansard of the session of the Danish Parliament (Folketinget), 20141, M8 (2014-10-24), final version",2014-10-24,,,20141,8,,,Reference,Regular,MP,-,V,Venstre,Opposition,"Haarder, Bertel",M,1944,Forhandling af R 2: Om det nordiske samarbejde 2013-2014.,False,False,2014-10,Thorning-Schmidt II,Right
7,ParlaMint-DK_20141024101434,0.0,3.0,0.0,"Hansard of the session of the Danish Parliament (Folketinget), 20141, M8 (2014-10-24), final version",2014-10-24,,,20141,8,,,Reference,Chairperson,MP,-,S,Socialdemokratiet,Coalition,"Lykketoft, Mogens",M,1946,Forhandling af R 2: Om det nordiske samarbejde 2013-2014.,False,False,2014-10,Thorning-Schmidt II,Left
8,ParlaMint-DK_20141024101436,5.253447991740497,143.0,0.03673739854363984,"Hansard of the session of the Danish Parliament (Folketinget), 20141, M8 (2014-10-24), final version",2014-10-24,,,20141,8,,,Reference,Regular,MP,-,EL,Enhedslisten,,"Sørensen, Finn",M,1946,Forhandling af R 2: Om det nordiske samarbejde 2013-2014.,False,False,2014-10,Thorning-Schmidt II,Left
9,ParlaMint-DK_20141024101540,0.0,1.0,0.0,"Hansard of the session of the Danish Parliament (Folketinget), 20141, M8 (2014-10-24), final version",2014-10-24,,,20141,8,,,Reference,Chairperson,MP,-,S,Socialdemokratiet,Coalition,"Lykketoft, Mogens",M,1946,Forhandling af R 2: Om det nordiske samarbejde 2013-2014.,False,False,2014-10,Thorning-Schmidt II,Left
10,ParlaMint-DK_20141024101541,6.30561798878728,115.0,0.05483146077206331,"Hansard of the session of the Danish Parliament (Folketinget), 20141, M8 (2014-10-24), final version",2014-10-24,,,20141,8,,,Reference,Regular,MP,-,V,Venstre,Opposition,"Haarder, Bertel",M,1944,Forhandling af R 2: Om det nordiske samarbejde 2013-2014.,False,False,2014-10,Thorning-Schmidt II,Right
11,ParlaMint-DK_20141024101623,0.5421165786803108,10.0,0.05421165786803108,"Hansard of the session of the Danish Parliament (Folketinget), 20141, M8 (2014-10-24), final version",2014-10-24,,,20141,8,,,Reference,Chairperson,MP,-,S,Socialdemokratiet,Coalition,"Lykketoft, Mogens",M,1946,Forhandling af R 2: Om det nordiske samarbejde 2013-2014.,False,False,2014-10,Thorning-Schmidt II,Left
12,ParlaMint-DK_20141024101633,113.3250963061118,1264.0,0.0896559306219239,"Hansard of the session of the Danish Parliament (Folketinget), 20141, M8 (2014-10-24), final version",2014-10-24,,,20141,8,,,Reference,Regular,MP,-,S,Socialdemokratiet,Coalition,"Lind, Annette",F,1969,Forhandling af R 2: Om det nordiske samarbejde 2013-2014.,False,False,2014-10,Thorning-Schmidt II,Left
13,ParlaMint-DK_20141024102350,1.0969191178865092,15.0,0.07312794119243395,"Hansard of the session of the Danish Parliament (Folketinget), 20141, M8 (2014-10-24), final version",2014-10-24,,,20141,8,,,Reference,Chairperson,MP,-,S,Socialdemokratiet,Coalition,"Lykketoft, Mogens",M,1946,Forhandling af R 2: Om det nordiske samarbejde 2013-2014.,False,False,2014-10,Thorning-Schmidt II,Left
14,ParlaMint-DK_20141024102413,84.75611294490093,1335.0,0.06348772505236025,"Hansard of the session of the Danish Parliament (Folketinget), 20141, M8 (2014-10-24), final version",2014-10-24,,,20141,8,,,Reference,Regular,MP,-,DF,Dansk Folkeparti,Opposition,"Dencker, Mikkel",M,1975,Forhandling af R 2: Om det nordiske samarbejde 2013-2014.,False,False,2014-10,Thorning-Schmidt II,Right
15,ParlaMint-DK_20141024103211,0.0,9.0,0.0,"Hansard of the session of the Danish Parliament (Folketinget), 20141, M8 (2014-10-24), final version",2014-10-24,,,20141,8,,,Reference,Chairperson,MP,-,S,Socialdemokratiet,Coalition,"Lykketoft, Mogens",M,1946,Forhandling af R 2: Om det nordiske samarbejde 2013-2014.,False,False,2014-10,Thorning-Schmidt II,Left
16,ParlaMint-DK_20141024103214,0.19627019080205999,45.0,0.004361559795601333,"Hansard of the session of the Danish Parliament (Folketinget), 20141, M8 (2014-10-24), final version",2014-10-24,,,20141,8,,,Reference,Regular,MP,-,EL,Enhedslisten,,"Sørensen, Finn",M,1946,Forhandling af R 2: Om det nordiske samarbejde 2013-2014.,False,False,2014-10,Thorning-Schmidt II,Left
17,ParlaMint-DK_20141024103236,0.0,1.0,0.0,"Hansard of the session of the Danish Parliament (Folketinget), 20141, M8 (2014-10-24), final version",2014-10-24,,,20141,8,,,Reference,Chairperson,MP,-,S,Socialdemokratiet,Coalition,"Lykketoft, Mogens",M,1946,Forhandling af R 2: Om det nordiske samarbejde 2013-2014.,False,False,2014-10,Thorning-Schmidt II,Left
18,ParlaMint-DK_20141024103237,4.478362689702787,129.0,0.034715989842657266,"Hansard of the session of the Danish Parliament (Folketinget), 20141, M8 (2014-10-24), final version",2014-10-24,,,20141,8,,,Reference,Regular,MP,-,DF,Dansk Folkeparti,Opposition,"Dencker, Mikkel",M,1975,Forhandling af R 2: Om det nordiske samarbejde 2013-2014.,False,False,2014-10,Thorning-Schmidt II,Right
19,ParlaMint-DK_20141024103321,0.0,3.0,0.0,"Hansard of the session of the Danish Parliament (Folketinget), 20141, M8 (2014-10-24), final version",2014-10-24,,,20141,8,,,Reference,Chairperson,MP,-,S,Socialdemokratiet,Coalition,"Lykketoft, Mogens",M,1946,Forhandling af R 2: Om det nordiske samarbejde 2013-2014.,False,False,2014-10,Thorning-Schmidt II,Left
20,ParlaMint-DK_20141024103323,8.637250558548791,151.0,0.05720033482482643,"Hansard of the session of the Danish Parliament (Folketinget), 20141, M8 (2014-10-24), final version",2014-10-24,,,20141,8,,,Reference,Regular,MP,-,EL,Enhedslisten,,"Sørensen, Finn",M,1946,Forhandling af R 2: Om det nordiske samarbejde 2013-2014.,False,False,2014-10,Thorning-Schmidt II,Left
21,ParlaMint-DK_20141024103417,0.0,1.0,0.0,"Hansard of the session of the Danish Parliament (Folketinget), 20141, M8 (2014-10-24), final version",2014-10-24,,,20141,8,,,Reference,Chairperson,MP,-,S,Socialdemokratiet,Coalition,"Lykketoft, Mogens",M,1946,Forhandling af R 2: Om det nordiske samarbejde 2013-2014.,False,False,2014-10,Thorning-Schmidt II,Left
22,ParlaMint-DK_20141024103418,2.150902955946524,108.0,0.019915768110615965,"Hansard of the session of the Danish Parliament (Folketinget), 20141, M8 (2014-10-24), final version",2014-10-24,,,20141,8,,,Reference,Regular,MP,-,DF,Dansk Folkeparti,Opposition,"Dencker, Mikkel",M,1975,Forhandling af R 2: Om det nordiske samarbejde 2013-2014.,False,False,2014-10,Thorning-Schmidt II,Right
23,ParlaMint-DK_20141024103458,0.0,11.0,0.0,"Hansard of the session of the Danish Parliament (Folketinget), 20141, M8 (2014-10-24), final version",2014-10-24,,,20141,8,,,Reference,Chairperson,MP,-,S,Socialdemokratiet,Coalition,"Lykketoft, Mogens",M,1946,Forhandling af R 2: Om det nordiske samarbejde 2013-2014.,False,False,2014-10,Thorning-Schmidt II,Left
24,ParlaMint-DK_20141024103503,3.5172461511949775,33.0,0.10658321670287811,"Hansard of the session of the Danish Parliament (Folketinget), 20141, M8 (2014-10-24), final version",2014-10-24,,,20141,8,,,Reference,Regular,MP,-,S,Socialdemokratiet,Coalition,"Lind, Annette",F,1969,Forhandling af R 2: Om det nordiske samarbejde 2013-2014.,False,False,2014-10,Thorning-Schmidt II,Left
25,ParlaMint-DK_20141024103514,0.0,1.0,0.0,"Hansard of the session of the Danish Parliament (Folketinget), 20141, M8 (2014-10-24), final version",2014-10-24,,,20141,8,,,Reference,Chairperson,MP,-,S,Socialdemokratiet,Coalition,"Lykketoft, Mogens",M,1946,Forhandling af R 2: Om det nordiske samarbejde 2013-2014.,False,False,2014-10,Thorning-Schmidt II,Left
26,ParlaMint-DK_20141024103515,0.0,9.0,0.0,"Hansard of the session of the Danish Parliament (Folketinget), 20141, M8 (2014-10-24), final version",2014-10-24,,,20141,8,,,Reference,Regular,MP,-,DF,Dansk Folkeparti,Opposition,"Dencker, Mikkel",M,1975,Forhandling af R 2: Om det nordiske samarbejde 2013-2014.,False,False,2014-10,Thorning-Schmidt II,Right
27,ParlaMint-DK_20141024103522,0.0,3.0,0.0,"Hansard of the session of the Danish Parliament (Folketinget), 20141, M8 (2014-10-24), final version",2014-10-24,,,20141,8,,,Reference,Chairperson,MP,-,S,Socialdemokratiet,Coalition,"Lykketoft, Mogens",M,1946,Forhandling af R 2: Om det nordiske samarbejde 2013-2014.,False,False,2014-10,Thorning-Schmidt II,Left
28,ParlaMint-DK_20141024103524,2.294110287998065,23.0,0.09974392556513326,"Hansard of the session of the Danish Parliament (Folketinget), 20141, M8 (2014-10-24), final version",2014-10-24,,,20141,8,,,Reference,Regular,MP,-,S,Socialdemokratiet,Coalition,"Lind, Annette",F,1969,Forhandling af R 2: Om det nordiske samarbejde 2013-2014.,False,False,2014-10,Thorning-Schmidt II,Left
29,ParlaMint-DK_20141024103529,0.0,14.0,0.0,"Hansard of the session of the Danish Parliament (Folketinget), 20141, M8 (2014-10-24), final version",2014-10-24,,,20141,8,,,Reference,Chairperson,MP,-,S,Socialdemokratiet,Coalition,"Lykketoft, Mogens",M,1946,Forhandling af R 2: Om det nordiske samarbejde 2013-2014.,False,False,2014-10,Thorning-Schmidt II,Left
30,ParlaMint-DK_20141024103532,2.060296053738382,89.0,0.02314939386222901,"Hansard of the session of the Danish Parliament (Folketinget), 20141, M8 (2014-10-24), final version",2014-10-24,,,20141,8,,,Reference,Regular,MP,-,DF,Dansk Folkeparti,Opposition,"Dencker, Mikkel",M,1975,Forhandling af R 2: Om det nordiske samarbejde 2013-2014.,False,False,2014-10,Thorning-Schmidt II,Right
31,ParlaMint-DK_20141024103611,0.0,10.0,0.0,"Hansard of the session of the Danish Parliament (Folketinget), 20141, M8 (2014-10-24), final version",2014-10-24,,,20141,8,,,Reference,Chairperson,MP,-,S,Socialdemokratiet,Coalition,"Lykketoft, Mogens",M,1946,Forhandling af R 2: Om det nordiske samarbejde 2013-2014.,False,False,2014-10,Thorning-Schmidt II,Left
32,ParlaMint-DK_20141024103620,1.4652757273614658,41.0,0.0357384323746699,"Hansard of the session of the Danish Parliament (Folketinget), 20141, M8 (2014-10-24), final version",2014-10-24,,,20141,8,,,Reference,Regular,MP,-,V,Venstre,Opposition,"Haarder, Bertel",M,1944,Forhandling af R 2: Om det nordiske samarbejde 2013-2014.,False,False,2014-10,Thorning-Schmidt II,Right
33,ParlaMint-DK_20141024103640,0.0,1.0,0.0,"Hansard of the session of the Danish Parliament (Folketinget), 20141, M8 (2014-10-24), final version",2014-10-24,,,20141,8,,,Reference,Chairperson,MP,-,S,Socialdemokratiet,Coalition,"Lykketoft, Mogens",M,1946,Forhandling af R 2: Om det nordiske samarbejde 2013-2014.,False,False,2014-10,Thorning-Schmidt II,Left
34,ParlaMint-DK_20141024103642,1.2596721610371593,16.0,0.07872951006482246,"Hansard of the session of the Danish Parliament (Folketinget), 20141, M8 (2014-10-24), final version",2014-10-24,,,20141,8,,,Reference,Regular,MP,-,DF,Dansk Folkeparti,Opposition,"Dencker, Mikkel",M,1975,Forhandling af R 2: Om det nordiske samarbejde 2013-2014.,False,False,2014-10,Thorning-Schmidt II,Right
35,ParlaMint-DK_20141024103650,0.5548025392061983,14.0,0.039628752800442736,"Hansard of the session of the Danish Parliament (Folketinget), 20141, M8 (2014-10-24), final version",2014-10-24,,,20141,8,,,Reference,Chairperson,MP,-,S,Socialdemokratiet,Coalition,"Lykketoft, Mogens",M,1946,Forhandling af R 2: Om det nordiske samarbejde 2013-2014.,False,False,2014-10,Thorning-Schmidt II,Left
36,ParlaMint-DK_20141024103657,52.20723488644393,1300.0,0.04015941145111071,"Hansard of the session of the Danish Parliament (Folketinget), 20141, M8 (2014-10-24), final version",2014-10-24,,,20141,8,,,Reference,Regular,MP,-,RV,Radikale Venstre,Coalition,"Stampe, Zenia",F,1979,Forhandling af R 2: Om det nordiske samarbejde 2013-2014.,False,False,2014-10,Thorning-Schmidt II,Left
37,ParlaMint-DK_20141024104437,0.0,11.0,0.0,"Hansard of the session of the Danish Parliament (Folketinget), 20141, M8 (2014-10-24), final version",2014-10-24,,,20141,8,,,Reference,Chairperson,MP,-,S,Socialdemokratiet,Coalition,"Lykketoft, Mogens",M,1946,Forhandling af R 2: Om det nordiske samarbejde 2013-2014.,False,False,2014-10,Thorning-Schmidt II,Left
38,ParlaMint-DK_20141024104448,58.469456130649,1392.0,0.04200391963408692,"Hansard of the session of the Danish Parliament (Folketinget), 20141, M8 (2014-10-24), final version",2014-10-24,,,20141,8,,,Reference,Regular,MP,-,SF,Socialistisk Folkeparti,,"Gade, Steen",M,1945,Forhandling af R 2: Om det nordiske samarbejde 2013-2014.,False,False,2014-10,Thorning-Schmidt II,Left
39,ParlaMint-DK_20141024105502,0.0,9.0,0.0,"Hansard of the session of the Danish Parliament (Folketinget), 20141, M8 (2014-10-24), final version",2014-10-24,,,20141,8,,,Reference,Chairperson,MP,-,S,Socialdemokratiet,Coalition,"Lykketoft, Mogens",M,1946,Forhandling af R 2: Om det nordiske samarbejde 2013-2014.,False,False,2014-10,Thorning-Schmidt II,Left
40,ParlaMint-DK_20141024105504,3.870157198864844,117.0,0.03307826665696448,"Hansard of the session of the Danish Parliament (Folketinget), 20141, M8 (2014-10-24), final version",2014-10-24,,,20141,8,,,Reference,Regular,MP,-,EL,Enhedslisten,,"Sørensen, Finn",M,1946,Forhandling af R 2: Om det nordiske samarbejde 2013-2014.,False,False,2014-10,Thorning-Schmidt II,Left
41,ParlaMint-DK_20141024105550,0.0,1.0,0.0,"Hansard of the session of the Danish Parliament (Folketinget), 20141, M8 (2014-10-24), final version",2014-10-24,,,20141,8,,,Reference,Chairperson,MP,-,S,Socialdemokratiet,Coalition,"Lykketoft, Mogens",M,1946,Forhandling af R 2: Om det nordiske samarbejde 2013-2014.,False,False,2014-10,Thorning-Schmidt II,Left
42,ParlaMint-DK_20141024105551,2.1056862355253374,105.0,0.020054154624050833,"Hansard of the session of the Danish Parliament (Folketinget), 20141, M8 (2014-10-24), final version",2014-10-24,,,20141,8,,,Reference,Regular,MP,-,SF,Socialistisk Folkeparti,,"Gade, Steen",M,1945,Forhandling af R 2: Om det nordiske samarbejde 2013-2014.,False,False,2014-10,Thorning-Schmidt II,Left
43,ParlaMint-DK_20141024105623,0.0,3.0,0.0,"Hansard of the session of the Danish Parliament (Folketinget), 20141, M8 (2014-10-24), final version",2014-10-24,,,20141,8,,,Reference,Chairperson,MP,-,S,Socialdemokratiet,Coalition,"Lykketoft, Mogens",M,1946,Forhandling af R 2: Om det nordiske samarbejde 2013-2014.,False,False,2014-10,Thorning-Schmidt II,Left
44,ParlaMint-DK_20141024105625,10.215122574114666,135.0,0.0756675746230716,"Hansard of the session of the Danish Parliament (Folketinget), 20141, M8 (2014-10-24), final version",2014-10-24,,,20141,8,,,Reference,Regular,MP,-,EL,Enhedslisten,,"Sørensen, Finn",M,1946,Forhandling af R 2: Om det nordiske samarbejde 2013-2014.,False,False,2014-10,Thorning-Schmidt II,Left
45,ParlaMint-DK_20141024105726,0.0,1.0,0.0,"Hansard of the session of the Danish Parliament (Folketinget), 20141, M8 (2014-10-24), final version",2014-10-24,,,20141,8,,,Reference,Chairperson,MP,-,S,Socialdemokratiet,Coalition,"Lykketoft, Mogens",M,1946,Forhandling af R 2: Om det nordiske samarbejde 2013-2014.,False,False,2014-10,Thorning-Schmidt II,Left
46,ParlaMint-DK_20141024105726-2,6.802978245115088,119.0,0.05716788441273183,"Hansard of the session of the Danish Parliament (Folketinget), 20141, M8 (2014-10-24), final version",2014-10-24,,,20141,8,,,Reference,Regular,MP,-,SF,Socialistisk Folkeparti,,"Gade, Steen",M,1945,Forhandling af R 2: Om det nordiske samarbejde 2013-2014.,False,False,2014-10,Thorning-Schmidt II,Left
47,ParlaMint-DK_20141024105808,0.0,13.0,0.0,"Hansard of the session of the Danish Parliament (Folketinget), 20141, M8 (2014-10-24), final version",2014-10-24,,,20141,8,,,Reference,Chairperson,MP,-,S,Socialdemokratiet,Coalition,"Lykketoft, Mogens",M,1946,Forhandling af R 2: Om det nordiske samarbejde 2013-2014.,False,False,2014-10,Thorning-Schmidt II,Left
48,ParlaMint-DK_20141024105826,109.34654743039223,1624.0,0.06733161787585729,"Hansard of the session of the Danish Parliament (Folketinget), 20141, M8 (2014-10-24), final version",2014-10-24,,,20141,8,,,Reference,Regular,MP,-,EL,Enhedslisten,,"Sørensen, Finn",M,1946,Forhandling af R 2: Om det nordiske samarbejde 2013-2014.,False,False,2014-10,Thorning-Schmidt II,Left
49,ParlaMint-DK_20141024110825,0.5548025392061983,14.0,0.039628752800442736,"Hansard of the session of the Danish Parliament (Folketinget), 20141, M8 (2014-10-24), final version",2014-10-24,,,20141,8,,,Reference,Chairperson,MP,-,S,Socialdemokratiet,Coalition,"Lykketoft, Mogens",M,1946,Forhandling af R 2: Om det nordiske samarbejde 2013-2014.,False,False,2014-10,Thorning-Schmidt II,Left
50,ParlaMint-DK_20141024110850,30.18802857189459,439.0,0.06876544093825647,"Hansard of the session of the Danish Parliament (Folketinget), 20141, M8 (2014-10-24), final version",2014-10-24,,,20141,8,,,Reference,Regular,MP,-,LA,Liberal Alliance,Opposition,"Bock, Mette",F,1957,Forhandling af R 2: Om det nordiske samarbejde 2013-2014.,False,False,2014-10,Thorning-Schmidt II,Right
51,ParlaMint-DK_20141024111140,0.0,9.0,0.0,"Hansard of the session of the Danish Parliament (Folketinget), 20141, M8 (2014-10-24), final version",2014-10-24,,,20141,8,,,Reference,Chairperson,MP,-,S,Socialdemokratiet,Coalition,"Lykketoft, Mogens",M,1946,Forhandling af R 2: Om det nordiske samarbejde 2013-2014.,False,False,2014-10,Thorning-Schmidt II,Left
52,ParlaMint-DK_20141024111143,9.431707808219663,211.0,0.044700037005780395,"Hansard of the session of the Danish Parliament (Folketinget), 20141, M8 (2014-10-24), final version",2014-10-24,,,20141,8,,,Reference,Regular,MP,-,EL,Enhedslisten,,"Sørensen, Finn",M,1946,Forhandling af R 2: Om det nordiske samarbejde 2013-2014.,False,False,2014-10,Thorning-Schmidt II,Left
53,ParlaMint-DK_20141024111252,0.0,1.0,0.0,"Hansard of the session of the Danish Parliament (Folketinget), 20141, M8 (2014-10-24), final version",2014-10-24,,,20141,8,,,Reference,Chairperson,MP,-,S,Socialdemokratiet,Coalition,"Lykketoft, Mogens",M,1946,Forhandling af R 2: Om det nordiske samarbejde 2013-2014.,False,False,2014-10,Thorning-Schmidt II,Left
54,ParlaMint-DK_20141024111257,12.588656940234198,313.0,0.040219351246754624,"Hansard of the session of the Danish Parliament (Folketinget), 20141, M8 (2014-10-24), final version",2014-10-24,,,20141,8,,,Reference,Regular,MP,-,LA,Liberal Alliance,Opposition,"Bock, Mette",F,1957,Forhandling af R 2: Om det nordiske samarbejde 2013-2014.,False,False,2014-10,Thorning-Schmidt II,Right
55,ParlaMint-DK_20141024111429,0.0,3.0,0.0,"Hansard of the session of the Danish Parliament (Folketinget), 20141, M8 (2014-10-24), final version",2014-10-24,,,20141,8,,,Reference,Chairperson,MP,-,S,Socialdemokratiet,Coalition,"Lykketoft, Mogens",M,1946,Forhandling af R 2: Om det nordiske samarbejde 2013-2014.,False,False,2014-10,Thorning-Schmidt II,Left
56,ParlaMint-DK_20141024111431,5.139304226847021,164.0,0.03133722089540866,"Hansard of the session of the Danish Parliament (Folketinget), 20141, M8 (2014-10-24), final version",2014-10-24,,,20141,8,,,Reference,Regular,MP,-,EL,Enhedslisten,,"Sørensen, Finn",M,1946,Forhandling af R 2: Om det nordiske samarbejde 2013-2014.,False,False,2014-10,Thorning-Schmidt II,Left
57,ParlaMint-DK_20141024111523,0.0,1.0,0.0,"Hansard of the session of the Danish Parliament (Folketinget), 20141, M8 (2014-10-24), final version",2014-10-24,,,20141,8,,,Reference,Chairperson,MP,-,S,Socialdemokratiet,Coalition,"Lykketoft, Mogens",M,1946,Forhandling af R 2: Om det nordiske samarbejde 2013-2014.,False,False,2014-10,Thorning-Schmidt II,Left
58,ParlaMint-DK_20141024111526,7.4326010081635605,213.0,0.03489484041391343,"Hansard of the session of the Danish Parliament (Folketinget), 20141, M8 (2014-10-24), final version",2014-10-24,,,20141,8,,,Reference,Regular,MP,-,LA,Liberal Alliance,Opposition,"Bock, Mette",F,1957,Forhandling af R 2: Om det nordiske samarbejde 2013-2014.,False,False,2014-10,Thorning-Schmidt II,Right
59,ParlaMint-DK_20141024111629,0.6925775659698304,11.0,0.06296159690634823,"Hansard of the session of the Danish Parliament (Folketinget), 20141, M8 (2014-10-24), final version",2014-10-24,,,20141,8,,,Reference,Chairperson,MP,-,S,Socialdemokratiet,Coalition,"Lykketoft, Mogens",M,1946,Forhandling af R 2: Om det nordiske samarbejde 2013-2014.,False,False,2014-10,Thorning-Schmidt II,Left
60,ParlaMint-DK_20141024111652,59.82788741471603,1260.0,0.047482450329139704,"Hansard of the session of the Danish Parliament (Folketinget), 20141, M8 (2014-10-24), final version",2014-10-24,,,20141,8,,,Reference,Regular,MP,-,KF,Det Konservative Folkeparti,Opposition,"Barfoed, Lars",M,1957,Forhandling af R 2: Om det nordiske samarbejde 2013-2014.,False,False,2014-10,Thorning-Schmidt II,Right
61,ParlaMint-DK_20141024112504,0.6925775659698304,12.0,0.05771479716415254,"Hansard of the session of the Danish Parliament (Folketinget), 20141, M8 (2014-10-24), final version",2014-10-24,,,20141,8,,,Reference,Chairperson,MP,-,S,Socialdemokratiet,Coalition,"Lykketoft, Mogens",M,1946,Forhandling af R 2: Om det nordiske samarbejde 2013-2014.,False,False,2014-10,Thorning-Schmidt II,Left
62,ParlaMint-DK_20141024112520,45.4895327722998,736.0,0.06180643039714647,"Hansard of the session of the Danish Parliament (Folketinget), 20141, M8 (2014-10-24), final version",2014-10-24,,,20141,8,,,Reference,Regular,MP,-,SP,Sambandsflokkurin,,"Joensen, Edmund",M,1944,Forhandling af R 2: Om det nordiske samarbejde 2013-2014.,False,False,2014-10,Thorning-Schmidt II,
63,ParlaMint-DK_20141024113304,0.0,13.0,0.0,"Hansard of the session of the Danish Parliament (Folketinget), 20141, M8 (2014-10-24), final version",2014-10-24,,,20141,8,,,Reference,Chairperson,MP,-,RV,Radikale Venstre,Coalition,"Loklindt, Lone",F,1960,Forhandling af R 2: Om det nordiske samarbejde 2013-2014.,False,False,2014-10,Thorning-Schmidt II,Left
64,ParlaMint-DK_20141024113308,10.538705147134635,223.0,0.04725876747594007,"Hansard of the session of the Danish Parliament (Folketinget), 20141, M8 (2014-10-24), final version",2014-10-24,,,20141,8,,,Reference,Regular,MP,-,EL,Enhedslisten,,"Sørensen, Finn",M,1946,Forhandling af R 2: Om det nordiske samarbejde 2013-2014.,False,False,2014-10,Thorning-Schmidt II,Left
65,ParlaMint-DK_20141024113431,0.0,2.0,0.0,"Hansard of the session of the Danish Parliament (Folketinget), 20141, M8 (2014-10-24), final version",2014-10-24,,,20141,8,,,Reference,Chairperson,MP,-,RV,Radikale Venstre,Coalition,"Loklindt, Lone",F,1960,Forhandling af R 2: Om det nordiske samarbejde 2013-2014.,False,False,2014-10,Thorning-Schmidt II,Left
66,ParlaMint-DK_20141024113435,4.392222618187255,184.0,0.023870775098843774,"Hansard of the session of the Danish Parliament (Folketinget), 20141, M8 (2014-10-24), final version",2014-10-24,,,20141,8,,,Reference,Regular,MP,-,SP,Sambandsflokkurin,,"Joensen, Edmund",M,1944,Forhandling af R 2: Om det nordiske samarbejde 2013-2014.,False,False,2014-10,Thorning-Schmidt II,
67,ParlaMint-DK_20141024113617,0.0,4.0,0.0,"Hansard of the session of the Danish Parliament (Folketinget), 20141, M8 (2014-10-24), final version",2014-10-24,,,20141,8,,,Reference,Chairperson,MP,-,RV,Radikale Venstre,Coalition,"Loklindt, Lone",F,1960,Forhandling af R 2: Om det nordiske samarbejde 2013-2014.,False,False,2014-10,Thorning-Schmidt II,Left
68,ParlaMint-DK_20141024113620,3.885297606528784,171.0,0.022721038634671252,"Hansard of the session of the Danish Parliament (Folketinget), 20141, M8 (2014-10-24), final version",2014-10-24,,,20141,8,,,Reference,Regular,MP,-,EL,Enhedslisten,,"Sørensen, Finn",M,1946,Forhandling af R 2: Om det nordiske samarbejde 2013-2014.,False,False,2014-10,Thorning-Schmidt II,Left
69,ParlaMint-DK_20141024113728,0.0,1.0,0.0,"Hansard of the session of the Danish Parliament (Folketinget), 20141, M8 (2014-10-24), final version",2014-10-24,,,20141,8,,,Reference,Chairperson,MP,-,RV,Radikale Venstre,Coalition,"Loklindt, Lone",F,1960,Forhandling af R 2: Om det nordiske samarbejde 2013-2014.,False,False,2014-10,Thorning-Schmidt II,Left
70,ParlaMint-DK_20141024113731,2.198440583776091,67.0,0.03281254602650882,"Hansard of the session of the Danish Parliament (Folketinget), 20141, M8 (2014-10-24), final version",2014-10-24,,,20141,8,,,Reference,Regular,MP,-,SP,Sambandsflokkurin,,"Joensen, Edmund",M,1944,Forhandling af R 2: Om det nordiske samarbejde 2013-2014.,False,False,2014-10,Thorning-Schmidt II,
71,ParlaMint-DK_20141024113803,0.0,22.0,0.0,"Hansard of the session of the Danish Parliament (Folketinget), 20141, M8 (2014-10-24), final version",2014-10-24,,,20141,8,,,Reference,Chairperson,MP,-,RV,Radikale Venstre,Coalition,"Loklindt, Lone",F,1960,Forhandling af R 2: Om det nordiske samarbejde 2013-2014.,False,False,2014-10,Thorning-Schmidt II,Left
72,ParlaMint-DK_20141024113820,83.59901050863164,1360.0,0.0614698606681115,"Hansard of the session of the Danish Parliament (Folketinget), 20141, M8 (2014-10-24), final version",2014-10-24,,,20141,8,,,Reference,Regular,MP,-,IA,Inuit Ataqatigiit,,"Olsen, Johan Lund",M,1958,Forhandling af R 2: Om det nordiske samarbejde 2013-2014.,False,False,2014-10,Thorning-Schmidt II,
73,ParlaMint-DK_20141024114803,0.0,12.0,0.0,"Hansard of the session of the Danish Parliament (Folketinget), 20141, M8 (2014-10-24), final version",2014-10-24,,,20141,8,,,Reference,Chairperson,MP,-,RV,Radikale Venstre,Coalition,"Loklindt, Lone",F,1960,Forhandling af R 2: Om det nordiske samarbejde 2013-2014.,False,False,2014-10,Thorning-Schmidt II,Left
74,ParlaMint-DK_20141024114809,9.153134357133018,184.0,0.04974529541920118,"Hansard of the session of the Danish Parliament (Folketinget), 20141, M8 (2014-10-24), final version",2014-10-24,,,20141,8,,,Reference,Regular,MP,-,EL,Enhedslisten,,"Sørensen, Finn",M,1946,Forhandling af R 2: Om det nordiske samarbejde 2013-2014.,False,False,2014-10,Thorning-Schmidt II,Left
75,ParlaMint-DK_20141024114930,0.0,1.0,0.0,"Hansard of the session of the Danish Parliament (Folketinget), 20141, M8 (2014-10-24), final version",2014-10-24,,,20141,8,,,Reference,Chairperson,MP,-,RV,Radikale Venstre,Coalition,"Loklindt, Lone",F,1960,Forhandling af R 2: Om det nordiske samarbejde 2013-2014.,False,False,2014-10,Thorning-Schmidt II,Left
76,ParlaMint-DK_20141024114933,6.7201336877979365,184.0,0.036522465694554,"Hansard of the session of the Danish Parliament (Folketinget), 20141, M8 (2014-10-24), final version",2014-10-24,,,20141,8,,,Reference,Regular,MP,-,IA,Inuit Ataqatigiit,,"Olsen, Johan Lund",M,1958,Forhandling af R 2: Om det nordiske samarbejde 2013-2014.,False,False,2014-10,Thorning-Schmidt II,
77,ParlaMint-DK_20141024115056,0.0,4.0,0.0,"Hansard of the session of the Danish Parliament (Folketinget), 20141, M8 (2014-10-24), final version",2014-10-24,,,20141,8,,,Reference,Chairperson,MP,-,RV,Radikale Venstre,Coalition,"Loklindt, Lone",F,1960,Forhandling af R 2: Om det nordiske samarbejde 2013-2014.,False,False,2014-10,Thorning-Schmidt II,Left
78,ParlaMint-DK_20141024115100,1.9692126842979432,116.0,0.01697597141636158,"Hansard of the session of the Danish Parliament (Folketinget), 20141, M8 (2014-10-24), final version",2014-10-24,,,20141,8,,,Reference,Regular,MP,-,EL,Enhedslisten,,"Sørensen, Finn",M,1946,Forhandling af R 2: Om det nordiske samarbejde 2013-2014.,False,False,2014-10,Thorning-Schmidt II,Left
79,ParlaMint-DK_20141024115149,0.0,1.0,0.0,"Hansard of the session of the Danish Parliament (Folketinget), 20141, M8 (2014-10-24), final version",2014-10-24,,,20141,8,,,Reference,Chairperson,MP,-,RV,Radikale Venstre,Coalition,"Loklindt, Lone",F,1960,Forhandling af R 2: Om det nordiske samarbejde 2013-2014.,False,False,2014-10,Thorning-Schmidt II,Left
80,ParlaMint-DK_20141024115153,3.820724248676557,109.0,0.03505251604290419,"Hansard of the session of the Danish Parliament (Folketinget), 20141, M8 (2014-10-24), final version",2014-10-24,,,20141,8,,,Reference,Regular,MP,-,IA,Inuit Ataqatigiit,,"Olsen, Johan Lund",M,1958,Forhandling af R 2: Om det nordiske samarbejde 2013-2014.,False,False,2014-10,Thorning-Schmidt II,
81,ParlaMint-DK_20141024115249,0.0,15.0,0.0,"Hansard of the session of the Danish Parliament (Folketinget), 20141, M8 (2014-10-24), final version",2014-10-24,,,20141,8,,,Reference,Chairperson,MP,-,RV,Radikale Venstre,Coalition,"Loklindt, Lone",F,1960,Forhandling af R 2: Om det nordiske samarbejde 2013-2014.,False,False,2014-10,Thorning-Schmidt II,Left
82,ParlaMint-DK_20141024115255,8.623145656566022,182.0,0.0473799211899232,"Hansard of the session of the Danish Parliament (Folketinget), 20141, M8 (2014-10-24), final version",2014-10-24,,,20141,8,,,Reference,Regular,MP,-,RV,Radikale Venstre,Coalition,"Stampe, Zenia",F,1979,Forhandling af R 2: Om det nordiske samarbejde 2013-2014.,False,False,2014-10,Thorning-Schmidt II,Left
83,ParlaMint-DK_20141024115359,0.0,1.0,0.0,"Hansard of the session of the Danish Parliament (Folketinget), 20141, M8 (2014-10-24), final version",2014-10-24,,,20141,8,,,Reference,Chairperson,MP,-,RV,Radikale Venstre,Coalition,"Loklindt, Lone",F,1960,Forhandling af R 2: Om det nordiske samarbejde 2013-2014.,False,False,2014-10,Thorning-Schmidt II,Left
84,ParlaMint-DK_20141024115401,7.235499879829015,183.0,0.03953825070944817,"Hansard of the session of the Danish Parliament (Folketinget), 20141, M8 (2014-10-24), final version",2014-10-24,,,20141,8,,,Reference,Regular,MP,-,IA,Inuit Ataqatigiit,,"Olsen, Johan Lund",M,1958,Forhandling af R 2: Om det nordiske samarbejde 2013-2014.,False,False,2014-10,Thorning-Schmidt II,
85,ParlaMint-DK_20141024115530,0.0,10.0,0.0,"Hansard of the session of the Danish Parliament (Folketinget), 20141, M8 (2014-10-24), final version",2014-10-24,,,20141,8,,,Reference,Chairperson,MP,-,RV,Radikale Venstre,Coalition,"Loklindt, Lone",F,1960,Forhandling af R 2: Om det nordiske samarbejde 2013-2014.,False,False,2014-10,Thorning-Schmidt II,Left
86,ParlaMint-DK_20141024115533,2.8951180235840868,127.0,0.02279620491011092,"Hansard of the session of the Danish Parliament (Folketinget), 20141, M8 (2014-10-24), final version",2014-10-24,,,20141,8,,,Reference,Regular,MP,-,RV,Radikale Venstre,Coalition,"Stampe, Zenia",F,1979,Forhandling af R 2: Om det nordiske samarbejde 2013-2014.,False,False,2014-10,Thorning-Schmidt II,Left
87,ParlaMint-DK_20141024115619,0.0,1.0,0.0,"Hansard of the session of the Danish Parliament (Folketinget), 20141, M8 (2014-10-24), final version",2014-10-24,,,20141,8,,,Reference,Chairperson,MP,-,RV,Radikale Venstre,Coalition,"Loklindt, Lone",F,1960,Forhandling af R 2: Om det nordiske samarbejde 2013-2014.,False,False,2014-10,Thorning-Schmidt II,Left
88,ParlaMint-DK_20141024115621,3.7678210107842034,156.0,0.024152698787078226,"Hansard of the session of the Danish Parliament (Folketinget), 20141, M8 (2014-10-24), final version",2014-10-24,,,20141,8,,,Reference,Regular,MP,-,IA,Inuit Ataqatigiit,,"Olsen, Johan Lund",M,1958,Forhandling af R 2: Om det nordiske samarbejde 2013-2014.,False,False,2014-10,Thorning-Schmidt II,
89,ParlaMint-DK_20141024115740,0.0,14.0,0.0,"Hansard of the session of the Danish Parliament (Folketinget), 20141, M8 (2014-10-24), final version",2014-10-24,,,20141,8,,,Reference,Chairperson,MP,-,RV,Radikale Venstre,Coalition,"Loklindt, Lone",F,1960,Forhandling af R 2: Om det nordiske samarbejde 2013-2014.,False,False,2014-10,Thorning-Schmidt II,Left
90,ParlaMint-DK_20141024115755,83.99312338063734,2004.0,0.041912736217882905,"Hansard of the session of the Danish Parliament (Folketinget), 20141, M8 (2014-10-24), final version",2014-10-24,,,20141,8,,,Reference,Regular,notMP,Minister,RV,Radikale Venstre,Coalition,"Lidegaard, Martin",M,1966,Forhandling af R 2: Om det nordiske samarbejde 2013-2014.,False,False,2014-10,Thorning-Schmidt II,Left
91,ParlaMint-DK_20141024120940,2.301414156066551,32.0,0.07191919237707972,"Hansard of the session of the Danish Parliament (Folketinget), 20141, M8 (2014-10-24), final version",2014-10-24,,,20141,8,,,Reference,Chairperson,MP,-,RV,Radikale Venstre,Coalition,"Loklindt, Lone",F,1960,Forhandling af R 2: Om det nordiske samarbejde 2013-2014.,False,False,2014-10,Thorning-Schmidt II,Left
92,ParlaMint-DK_20141024120956,2.153925184932198,175.0,0.012308143913898275,"Hansard of the session of the Danish Parliament (Folketinget), 20141, M8 (2014-10-24), final version",2014-10-24,,,20141,8,,,Reference,Regular,MP,-,EL,Enhedslisten,,"Sørensen, Finn",M,1946,Forhandling af R 2: Om det nordiske samarbejde 2013-2014.,False,False,2014-10,Thorning-Schmidt II,Left
93,ParlaMint-DK_20141024121105,0.0,1.0,0.0,"Hansard of the session of the Danish Parliament (Folketinget), 20141, M8 (2014-10-24), final version",2014-10-24,,,20141,8,,,Reference,Chairperson,MP,-,RV,Radikale Venstre,Coalition,"Loklindt, Lone",F,1960,Forhandling af R 2: Om det nordiske samarbejde 2013-2014.,False,False,2014-10,Thorning-Schmidt II,Left
94,ParlaMint-DK_20141024121106,4.776994768198254,213.0,0.022427205484498842,"Hansard of the session of the Danish Parliament (Folketinget), 20141, M8 (2014-10-24), final version",2014-10-24,,,20141,8,,,Reference,Regular,notMP,Minister,RV,Radikale Venstre,Coalition,"Lidegaard, Martin",M,1966,Forhandling af R 2: Om det nordiske samarbejde 2013-2014.,False,False,2014-10,Thorning-Schmidt II,Left
95,ParlaMint-DK_20141024121220,0.0,6.0,0.0,"Hansard of the session of the Danish Parliament (Folketinget), 20141, M8 (2014-10-24), final version",2014-10-24,,,20141,8,,,Reference,Chairperson,MP,-,RV,Radikale Venstre,Coalition,"Loklindt, Lone",F,1960,Forhandling af R 2: Om det nordiske samarbejde 2013-2014.,False,False,2014-10,Thorning-Schmidt II,Left
96,ParlaMint-DK_20141024121221,1.516538914529256,106.0,0.014306970891785434,"Hansard of the session of the Danish Parliament (Folketinget), 20141, M8 (2014-10-24), final version",2014-10-24,,,20141,8,,,Reference,Regular,MP,-,EL,Enhedslisten,,"Sørensen, Finn",M,1946,Forhandling af R 2: Om det nordiske samarbejde 2013-2014.,False,False,2014-10,Thorning-Schmidt II,Left
97,ParlaMint-DK_20141024121310,0.0,1.0,0.0,"Hansard of the session of the Danish Parliament (Folketinget), 20141, M8 (2014-10-24), final version",2014-10-24,,,20141,8,,,Reference,Chairperson,MP,-,RV,Radikale Venstre,Coalition,"Loklindt, Lone",F,1960,Forhandling af R 2: Om det nordiske samarbejde 2013-2014.,False,False,2014-10,Thorning-Schmidt II,Left
98,ParlaMint-DK_20141024121311,0.5704557363611393,33.0,0.017286537465489072,"Hansard of the session of the Danish Parliament (Folketinget), 20141, M8 (2014-10-24), final version",2014-10-24,,,20141,8,,,Reference,Regular,notMP,Minister,RV,Radikale Venstre,Coalition,"Lidegaard, Martin",M,1966,Forhandling af R 2: Om det nordiske samarbejde 2013-2014.,False,False,2014-10,Thorning-Schmidt II,Left
99,ParlaMint-DK_20141024121328,0.0,8.0,0.0,"Hansard of the session of the Danish Parliament (Folketinget), 20141, M8 (2014-10-24), final version",2014-10-24,,,20141,8,,,Reference,Chairperson,MP,-,RV,Radikale Venstre,Coalition,"Loklindt, Lone",F,1960,Forhandling af R 2: Om det nordiske samarbejde 2013-2014.,False,False,2014-10,Thorning-Schmidt II,Left
100,ParlaMint-DK_20141024121332,3.641276414883388,186.0,0.019576754918727894,"Hansard of the session of the Danish Parliament (Folketinget), 20141, M8 (2014-10-24), final version",2014-10-24,,,20141,8,,,Reference,Regular,MP,-,DF,Dansk Folkeparti,Opposition,"Dencker, Mikkel",M,1975,Forhandling af R 2: Om det nordiske samarbejde 2013-2014.,False,False,2014-10,Thorning-Schmidt II,Right
101,ParlaMint-DK_20141024121440,0.0,1.0,0.0,"Hansard of the session of the Danish Parliament (Folketinget), 20141, M8 (2014-10-24), final version",2014-10-24,,,20141,8,,,Reference,Chairperson,MP,-,RV,Radikale Venstre,Coalition,"Loklindt, Lone",F,1960,Forhandling af R 2: Om det nordiske samarbejde 2013-2014.,False,False,2014-10,Thorning-Schmidt II,Left
102,ParlaMint-DK_20141024121442,6.9524219259881725,167.0,0.04163126901789325,"Hansard of the session of the Danish Parliament (Folketinget), 20141, M8 (2014-10-24), final version",2014-10-24,,,20141,8,,,Reference,Regular,notMP,Minister,RV,Radikale Venstre,Coalition,"Lidegaard, Martin",M,1966,Forhandling af R 2: Om det nordiske samarbejde 2013-2014.,False,False,2014-10,Thorning-Schmidt II,Left
103,ParlaMint-DK_20141024121535,0.0,3.0,0.0,"Hansard of the session of the Danish Parliament (Folketinget), 20141, M8 (2014-10-24), final version",2014-10-24,,,20141,8,,,Reference,Chairperson,MP,-,RV,Radikale Venstre,Coalition,"Loklindt, Lone",F,1960,Forhandling af R 2: Om det nordiske samarbejde 2013-2014.,False,False,2014-10,Thorning-Schmidt II,Left
104,ParlaMint-DK_20141024121537,4.043712605488591,80.0,0.050546407568607385,"Hansard of the session of the Danish Parliament (Folketinget), 20141, M8 (2014-10-24), final version",2014-10-24,,,20141,8,,,Reference,Regular,MP,-,DF,Dansk Folkeparti,Opposition,"Dencker, Mikkel",M,1975,Forhandling af R 2: Om det nordiske samarbejde 2013-2014.,False,False,2014-10,Thorning-Schmidt II,Right
105,ParlaMint-DK_20141024121604,0.0,1.0,0.0,"Hansard of the session of the Danish Parliament (Folketinget), 20141, M8 (2014-10-24), final version",2014-10-24,,,20141,8,,,Reference,Chairperson,MP,-,RV,Radikale Venstre,Coalition,"Loklindt, Lone",F,1960,Forhandling af R 2: Om det nordiske samarbejde 2013-2014.,False,False,2014-10,Thorning-Schmidt II,Left
106,ParlaMint-DK_20141024121606,1.2853414591941257,99.0,0.012983247062566925,"Hansard of the session of the Danish Parliament (Folketinget), 20141, M8 (2014-10-24), final version",2014-10-24,,,20141,8,,,Reference,Regular,notMP,Minister,RV,Radikale Venstre,Coalition,"Lidegaard, Martin",M,1966,Forhandling af R 2: Om det nordiske samarbejde 2013-2014.,False,False,2014-10,Thorning-Schmidt II,Left
107,ParlaMint-DK_20141024121641,0.0,11.0,0.0,"Hansard of the session of the Danish Parliament (Folketinget), 20141, M8 (2014-10-24), final version",2014-10-24,,,20141,8,,,Reference,Chairperson,MP,-,RV,Radikale Venstre,Coalition,"Loklindt, Lone",F,1960,Forhandling af R 2: Om det nordiske samarbejde 2013-2014.,False,False,2014-10,Thorning-Schmidt II,Left
108,ParlaMint-DK_20141024121646,1.2324006533845995,148.0,0.008327031441787834,"Hansard of the session of the Danish Parliament (Folketinget), 20141, M8 (2014-10-24), final version",2014-10-24,,,20141,8,,,Reference,Regular,MP,-,IA,Inuit Ataqatigiit,,"Olsen, Johan Lund",M,1958,Forhandling af R 2: Om det nordiske samarbejde 2013-2014.,False,False,2014-10,Thorning-Schmidt II,
109,ParlaMint-DK_20141024121755,0.0,1.0,0.0,"Hansard of the session of the Danish Parliament (Folketinget), 20141, M8 (2014-10-24), final version",2014-10-24,,,20141,8,,,Reference,Chairperson,MP,-,RV,Radikale Venstre,Coalition,"Loklindt, Lone",F,1960,Forhandling af R 2: Om det nordiske samarbejde 2013-2014.,False,False,2014-10,Thorning-Schmidt II,Left
110,ParlaMint-DK_20141024121757,7.182053904973979,214.0,0.03356099955595317,"Hansard of the session of the Danish Parliament (Folketinget), 20141, M8 (2014-10-24), final version",2014-10-24,,,20141,8,,,Reference,Regular,notMP,Minister,RV,Radikale Venstre,Coalition,"Lidegaard, Martin",M,1966,Forhandling af R 2: Om det nordiske samarbejde 2013-2014.,False,False,2014-10,Thorning-Schmidt II,Left
111,ParlaMint-DK_20141024121911,0.0,9.0,0.0,"Hansard of the session of the Danish Parliament (Folketinget), 20141, M8 (2014-10-24), final version",2014-10-24,,,20141,8,,,Reference,Chairperson,MP,-,RV,Radikale Venstre,Coalition,"Loklindt, Lone",F,1960,Forhandling af R 2: Om det nordiske samarbejde 2013-2014.,False,False,2014-10,Thorning-Schmidt II,Left
112,ParlaMint-DK_20141024121918,6.054608584494233,159.0,0.03807929927354863,"Hansard of the session of the Danish Parliament (Folketinget), 20141, M8 (2014-10-24), final version",2014-10-24,,,20141,8,,,Reference,Regular,MP,-,KF,Det Konservative Folkeparti,Opposition,"Barfoed, Lars",M,1957,Forhandling af R 2: Om det nordiske samarbejde 2013-2014.,False,False,2014-10,Thorning-Schmidt II,Right
113,ParlaMint-DK_20141024122016,0.0,1.0,0.0,"Hansard of the session of the Danish Parliament (Folketinget), 20141, M8 (2014-10-24), final version",2014-10-24,,,20141,8,,,Reference,Chairperson,MP,-,RV,Radikale Venstre,Coalition,"Loklindt, Lone",F,1960,Forhandling af R 2: Om det nordiske samarbejde 2013-2014.,False,False,2014-10,Thorning-Schmidt II,Left
114,ParlaMint-DK_20141024122017,5.68186347678904,111.0,0.05118795925035171,"Hansard of the session of the Danish Parliament (Folketinget), 20141, M8 (2014-10-24), final version",2014-10-24,,,20141,8,,,Reference,Regular,notMP,Minister,RV,Radikale Venstre,Coalition,"Lidegaard, Martin",M,1966,Forhandling af R 2: Om det nordiske samarbejde 2013-2014.,False,False,2014-10,Thorning-Schmidt II,Left
115,ParlaMint-DK_20141024122055,0.0,1.0,0.0,"Hansard of the session of the Danish Parliament (Folketinget), 20141, M8 (2014-10-24), final version",2014-10-24,,,20141,8,,,Reference,Chairperson,MP,-,RV,Radikale Venstre,Coalition,"Loklindt, Lone",F,1960,Forhandling af R 2: Om det nordiske samarbejde 2013-2014.,False,False,2014-10,Thorning-Schmidt II,Left
116,ParlaMint-DK_20141024122057,0.6641558175077089,130.0,0.005108890903905454,"Hansard of the session of the Danish Parliament (Folketinget), 20141, M8 (2014-10-24), final version",2014-10-24,,,20141,8,,,Reference,Regular,MP,-,KF,Det Konservative Folkeparti,Opposition,"Barfoed, Lars",M,1957,Forhandling af R 2: Om det nordiske samarbejde 2013-2014.,False,False,2014-10,Thorning-Schmidt II,Right
117,ParlaMint-DK_20141024122135,0.0,1.0,0.0,"Hansard of the session of the Danish Parliament (Folketinget), 20141, M8 (2014-10-24), final version",2014-10-24,,,20141,8,,,Reference,Chairperson,MP,-,RV,Radikale Venstre,Coalition,"Loklindt, Lone",F,1960,Forhandling af R 2: Om det nordiske samarbejde 2013-2014.,False,False,2014-10,Thorning-Schmidt II,Left
118,ParlaMint-DK_20141024122136,1.7419721025975066,50.0,0.03483944205195013,"Hansard of the session of the Danish Parliament (Folketinget), 20141, M8 (2014-10-24), final version",2014-10-24,,,20141,8,,,Reference,Regular,notMP,Minister,RV,Radikale Venstre,Coalition,"Lidegaard, Martin",M,1966,Forhandling af R 2: Om det nordiske samarbejde 2013-2014.,False,False,2014-10,Thorning-Schmidt II,Left
119,ParlaMint-DK_20141024122153,0.0,9.0,0.0,"Hansard of the session of the Danish Parliament (Folketinget), 20141, M8 (2014-10-24), final version",2014-10-24,,,20141,8,,,Reference,Chairperson,MP,-,RV,Radikale Venstre,Coalition,"Loklindt, Lone",F,1960,Forhandling af R 2: Om det nordiske samarbejde 2013-2014.,False,False,2014-10,Thorning-Schmidt II,Left
120,ParlaMint-DK_20141024122156,11.843726608496508,264.0,0.0448626007897595,"Hansard of the session of the Danish Parliament (Folketinget), 20141, M8 (2014-10-24), final version",2014-10-24,,,20141,8,,,Reference,Regular,MP,-,V,Venstre,Opposition,"Haarder, Bertel",M,1944,Forhandling af R 2: Om det nordiske samarbejde 2013-2014.,False,False,2014-10,Thorning-Schmidt II,Right
121,ParlaMint-DK_20141024122407,0.0,1.0,0.0,"Hansard of the session of the Danish Parliament (Folketinget), 20141, M8 (2014-10-24), final version",2014-10-24,,,20141,8,,,Reference,Chairperson,MP,-,RV,Radikale Venstre,Coalition,"Loklindt, Lone",F,1960,Forhandling af R 2: Om det nordiske samarbejde 2013-2014.,False,False,2014-10,Thorning-Schmidt II,Left
122,ParlaMint-DK_20141024122408,11.864892585305919,355.0,0.03342223263466456,"Hansard of the session of the Danish Parliament (Folketinget), 20141, M8 (2014-10-24), final version",2014-10-24,,,20141,8,,,Reference,Regular,notMP,Minister,RV,Radikale Venstre,Coalition,"Lidegaard, Martin",M,1966,Forhandling af R 2: Om det nordiske samarbejde 2013-2014.,False,False,2014-10,Thorning-Schmidt II,Left
123,ParlaMint-DK_20141024122555,0.0,2.0,0.0,"Hansard of the session of the Danish Parliament (Folketinget), 20141, M8 (2014-10-24), final version",2014-10-24,,,20141,8,,,Reference,Chairperson,MP,-,RV,Radikale Venstre,Coalition,"Loklindt, Lone",F,1960,Forhandling af R 2: Om det nordiske samarbejde 2013-2014.,False,False,2014-10,Thorning-Schmidt II,Left
124,ParlaMint-DK_20141024122557,5.358586691078164,105.0,0.051034158962649186,"Hansard of the session of the Danish Parliament (Folketinget), 20141, M8 (2014-10-24), final version",2014-10-24,,,20141,8,,,Reference,Regular,MP,-,V,Venstre,Opposition,"Haarder, Bertel",M,1944,Forhandling af R 2: Om det nordiske samarbejde 2013-2014.,False,False,2014-10,Thorning-Schmidt II,Right
125,ParlaMint-DK_20141024122636,0.0,9.0,0.0,"Hansard of the session of the Danish Parliament (Folketinget), 20141, M8 (2014-10-24), final version",2014-10-24,,,20141,8,,,Reference,Chairperson,MP,-,RV,Radikale Venstre,Coalition,"Loklindt, Lone",F,1960,Forhandling af R 2: Om det nordiske samarbejde 2013-2014.,False,False,2014-10,Thorning-Schmidt II,Left
126,ParlaMint-DK_20141024122642,1.7870448240596102,60.0,0.029784080400993503,"Hansard of the session of the Danish Parliament (Folketinget), 20141, M8 (2014-10-24), final version",2014-10-24,,,20141,8,,,Reference,Regular,notMP,Minister,RV,Radikale Venstre,Coalition,"Lidegaard, Martin",M,1966,Forhandling af R 2: Om det nordiske samarbejde 2013-2014.,False,False,2014-10,Thorning-Schmidt II,Left
127,ParlaMint-DK_20141024122701,1.7586230755974888,12.0,0.1465519229664574,"Hansard of the session of the Danish Parliament (Folketinget), 20141, M8 (2014-10-24), final version",2014-10-24,,,20141,8,,,Reference,Chairperson,MP,-,RV,Radikale Venstre,Coalition,"Loklindt, Lone",F,1960,Forhandling af R 2: Om det nordiske samarbejde 2013-2014.,False,False,2014-10,Thorning-Schmidt II,Left
128,ParlaMint-DK_20141024122713,132.90004783210222,2267.0,0.05862375290344165,"Hansard of the session of the Danish Parliament (Folketinget), 20141, M8 (2014-10-24), final version",2014-10-24,,,20141,8,,,Reference,Regular,MP,Minister,S,Socialdemokratiet,Coalition,"Hansen, Carsten",M,1957,Forhandling af R 2: Om det nordiske samarbejde 2013-2014.,False,False,2014-10,Thorning-Schmidt II,Left
129,ParlaMint-DK_20141024124004,0.0,13.0,0.0,"Hansard of the session of the Danish Parliament (Folketinget), 20141, M8 (2014-10-24), final version",2014-10-24,,,20141,8,,,Reference,Chairperson,MP,-,RV,Radikale Venstre,Coalition,"Loklindt, Lone",F,1960,Forhandling af R 2: Om det nordiske samarbejde 2013-2014.,False,False,2014-10,Thorning-Schmidt II,Left
130,ParlaMint-DK_20141024124009,19.71588582482063,239.0,0.08249324612895662,"Hansard of the session of the Danish Parliament (Folketinget), 20141, M8 (2014-10-24), final version",2014-10-24,,,20141,8,,,Reference,Regular,MP,-,EL,Enhedslisten,,"Sørensen, Finn",M,1946,Forhandling af R 2: Om det nordiske samarbejde 2013-2014.,False,False,2014-10,Thorning-Schmidt II,Left
131,ParlaMint-DK_20141024124146,0.0,3.0,0.0,"Hansard of the session of the Danish Parliament (Folketinget), 20141, M8 (2014-10-24), final version",2014-10-24,,,20141,8,,,Reference,Chairperson,MP,-,RV,Radikale Venstre,Coalition,"Loklindt, Lone",F,1960,Forhandling af R 2: Om det nordiske samarbejde 2013-2014.,False,False,2014-10,Thorning-Schmidt II,Left
132,ParlaMint-DK_20141024124147,10.350723384825935,337.0,0.03071431271461702,"Hansard of the session of the Danish Parliament (Folketinget), 20141, M8 (2014-10-24), final version",2014-10-24,,,20141,8,,,Reference,Regular,MP,Minister,S,Socialdemokratiet,Coalition,"Hansen, Carsten",M,1957,Forhandling af R 2: Om det nordiske samarbejde 2013-2014.,False,False,2014-10,Thorning-Schmidt II,Left
133,ParlaMint-DK_20141024124327,0.0,3.0,0.0,"Hansard of the session of the Danish Parliament (Folketinget), 20141, M8 (2014-10-24), final version",2014-10-24,,,20141,8,,,Reference,Chairperson,MP,-,RV,Radikale Venstre,Coalition,"Loklindt, Lone",F,1960,Forhandling af R 2: Om det nordiske samarbejde 2013-2014.,False,False,2014-10,Thorning-Schmidt II,Left
134,ParlaMint-DK_20141024124328,3.3279533827295387,217.0,0.015336190703822758,"Hansard of the session of the Danish Parliament (Folketinget), 20141, M8 (2014-10-24), final version",2014-10-24,,,20141,8,,,Reference,Regular,MP,-,EL,Enhedslisten,,"Sørensen, Finn",M,1946,Forhandling af R 2: Om det nordiske samarbejde 2013-2014.,False,False,2014-10,Thorning-Schmidt II,Left
135,ParlaMint-DK_20141024124437,0.0,1.0,0.0,"Hansard of the session of the Danish Parliament (Folketinget), 20141, M8 (2014-10-24), final version",2014-10-24,,,20141,8,,,Reference,Chairperson,MP,-,RV,Radikale Venstre,Coalition,"Loklindt, Lone",F,1960,Forhandling af R 2: Om det nordiske samarbejde 2013-2014.,False,False,2014-10,Thorning-Schmidt II,Left
136,ParlaMint-DK_20141024124443,6.762566796878756,218.0,0.03102094860953558,"Hansard of the session of the Danish Parliament (Folketinget), 20141, M8 (2014-10-24), final version",2014-10-24,,,20141,8,,,Reference,Regular,MP,Minister,S,Socialdemokratiet,Coalition,"Hansen, Carsten",M,1957,Forhandling af R 2: Om det nordiske samarbejde 2013-2014.,False,False,2014-10,Thorning-Schmidt II,Left
137,ParlaMint-DK_20141024124539,0.0,9.0,0.0,"Hansard of the session of the Danish Parliament (Folketinget), 20141, M8 (2014-10-24), final version",2014-10-24,,,20141,8,,,Reference,Chairperson,MP,-,RV,Radikale Venstre,Coalition,"Loklindt, Lone",F,1960,Forhandling af R 2: Om det nordiske samarbejde 2013-2014.,False,False,2014-10,Thorning-Schmidt II,Left
138,ParlaMint-DK_20141024124542,14.149612861552951,242.0,0.05846947463451633,"Hansard of the session of the Danish Parliament (Folketinget), 20141, M8 (2014-10-24), final version",2014-10-24,,,20141,8,,,Reference,Regular,MP,-,KF,Det Konservative Folkeparti,Opposition,"Barfoed, Lars",M,1957,Forhandling af R 2: Om det nordiske samarbejde 2013-2014.,False,False,2014-10,Thorning-Schmidt II,Right
139,ParlaMint-DK_20141024124701,0.0,1.0,0.0,"Hansard of the session of the Danish Parliament (Folketinget), 20141, M8 (2014-10-24), final version",2014-10-24,,,20141,8,,,Reference,Chairperson,MP,-,RV,Radikale Venstre,Coalition,"Loklindt, Lone",F,1960,Forhandling af R 2: Om det nordiske samarbejde 2013-2014.,False,False,2014-10,Thorning-Schmidt II,Left
140,ParlaMint-DK_20141024124703,13.077205041287428,285.0,0.04588492996942957,"Hansard of the session of the Danish Parliament (Folketinget), 20141, M8 (2014-10-24), final version",2014-10-24,,,20141,8,,,Reference,Regular,MP,Minister,S,Socialdemokratiet,Coalition,"Hansen, Carsten",M,1957,Forhandling af R 2: Om det nordiske samarbejde 2013-2014.,False,False,2014-10,Thorning-Schmidt II,Left
141,ParlaMint-DK_20141024124829,0.0,9.0,0.0,"Hansard of the session of the Danish Parliament (Folketinget), 20141, M8 (2014-10-24), final version",2014-10-24,,,20141,8,,,Reference,Chairperson,MP,-,RV,Radikale Venstre,Coalition,"Loklindt, Lone",F,1960,Forhandling af R 2: Om det nordiske samarbejde 2013-2014.,False,False,2014-10,Thorning-Schmidt II,Left
142,ParlaMint-DK_20141024124833,5.528854895914908,136.0,0.04065334482290374,"Hansard of the session of the Danish Parliament (Folketinget), 20141, M8 (2014-10-24), final version",2014-10-24,,,20141,8,,,Reference,Regular,MP,-,DF,Dansk Folkeparti,Opposition,"Dencker, Mikkel",M,1975,Forhandling af R 2: Om det nordiske samarbejde 2013-2014.,False,False,2014-10,Thorning-Schmidt II,Right
143,ParlaMint-DK_20141024124927,0.0,1.0,0.0,"Hansard of the session of the Danish Parliament (Folketinget), 20141, M8 (2014-10-24), final version",2014-10-24,,,20141,8,,,Reference,Chairperson,MP,-,RV,Radikale Venstre,Coalition,"Loklindt, Lone",F,1960,Forhandling af R 2: Om det nordiske samarbejde 2013-2014.,False,False,2014-10,Thorning-Schmidt II,Left
144,ParlaMint-DK_20141024124928,1.5722931679983985,203.0,0.007745286541864032,"Hansard of the session of the Danish Parliament (Folketinget), 20141, M8 (2014-10-24), final version",2014-10-24,,,20141,8,,,Reference,Regular,MP,Minister,S,Socialdemokratiet,Coalition,"Hansen, Carsten",M,1957,Forhandling af R 2: Om det nordiske samarbejde 2013-2014.,False,False,2014-10,Thorning-Schmidt II,Left
145,ParlaMint-DK_20141024125039,0.0,1.0,0.0,"Hansard of the session of the Danish Parliament (Folketinget), 20141, M8 (2014-10-24), final version",2014-10-24,,,20141,8,,,Reference,Chairperson,MP,-,RV,Radikale Venstre,Coalition,"Loklindt, Lone",F,1960,Forhandling af R 2: Om det nordiske samarbejde 2013-2014.,False,False,2014-10,Thorning-Schmidt II,Left
146,ParlaMint-DK_20141024125040,5.704295764043312,59.0,0.09668297905158156,"Hansard of the session of the Danish Parliament (Folketinget), 20141, M8 (2014-10-24), final version",2014-10-24,,,20141,8,,,Reference,Regular,MP,-,DF,Dansk Folkeparti,Opposition,"Dencker, Mikkel",M,1975,Forhandling af R 2: Om det nordiske samarbejde 2013-2014.,False,False,2014-10,Thorning-Schmidt II,Right
147,ParlaMint-DK_20141024125103,0.0,1.0,0.0,"Hansard of the session of the Danish Parliament (Folketinget), 20141, M8 (2014-10-24), final version",2014-10-24,,,20141,8,,,Reference,Chairperson,MP,-,RV,Radikale Venstre,Coalition,"Loklindt, Lone",F,1960,Forhandling af R 2: Om det nordiske samarbejde 2013-2014.,False,False,2014-10,Thorning-Schmidt II,Left
148,ParlaMint-DK_20141024125104,5.305479108039647,131.0,0.04049984051938661,"Hansard of the session of the Danish Parliament (Folketinget), 20141, M8 (2014-10-24), final version",2014-10-24,,,20141,8,,,Reference,Regular,MP,Minister,S,Socialdemokratiet,Coalition,"Hansen, Carsten",M,1957,Forhandling af R 2: Om det nordiske samarbejde 2013-2014.,False,False,2014-10,Thorning-Schmidt II,Left
149,ParlaMint-DK_20141024125141,0.0,13.0,0.0,"Hansard of the session of the Danish Parliament (Folketinget), 20141, M8 (2014-10-24), final version",2014-10-24,,,20141,8,,,Reference,Chairperson,MP,-,RV,Radikale Venstre,Coalition,"Loklindt, Lone",F,1960,Forhandling af R 2: Om det nordiske samarbejde 2013-2014.,False,False,2014-10,Thorning-Schmidt II,Left
150,ParlaMint-DK_20141024125146,3.057266888931159,74.0,0.041314417417988636,"Hansard of the session of the Danish Parliament (Folketinget), 20141, M8 (2014-10-24), final version",2014-10-24,,,20141,8,,,Reference,Regular,MP,-,SF,Socialistisk Folkeparti,,"Gade, Steen",M,1945,Forhandling af R 2: Om det nordiske samarbejde 2013-2014.,False,False,2014-10,Thorning-Schmidt II,Left
151,ParlaMint-DK_20141024125224,0.0,1.0,0.0,"Hansard of the session of the Danish Parliament (Folketinget), 20141, M8 (2014-10-24), final version",2014-10-24,,,20141,8,,,Reference,Chairperson,MP,-,RV,Radikale Venstre,Coalition,"Loklindt, Lone",F,1960,Forhandling af R 2: Om det nordiske samarbejde 2013-2014.,False,False,2014-10,Thorning-Schmidt II,Left
152,ParlaMint-DK_20141024125225,8.358978327338034,257.0,0.03252520749936978,"Hansard of the session of the Danish Parliament (Folketinget), 20141, M8 (2014-10-24), final version",2014-10-24,,,20141,8,,,Reference,Regular,MP,Minister,S,Socialdemokratiet,Coalition,"Hansen, Carsten",M,1957,Forhandling af R 2: Om det nordiske samarbejde 2013-2014.,False,False,2014-10,Thorning-Schmidt II,Left
153,ParlaMint-DK_20141024125331,0.0,3.0,0.0,"Hansard of the session of the Danish Parliament (Folketinget), 20141, M8 (2014-10-24), final version",2014-10-24,,,20141,8,,,Reference,Chairperson,MP,-,RV,Radikale Venstre,Coalition,"Loklindt, Lone",F,1960,Forhandling af R 2: Om det nordiske samarbejde 2013-2014.,False,False,2014-10,Thorning-Schmidt II,Left
154,ParlaMint-DK_20141024125333,7.650549178193682,230.0,0.03326325729649427,"Hansard of the session of the Danish Parliament (Folketinget), 20141, M8 (2014-10-24), final version",2014-10-24,,,20141,8,,,Reference,Regular,MP,-,SF,Socialistisk Folkeparti,,"Gade, Steen",M,1945,Forhandling af R 2: Om det nordiske samarbejde 2013-2014.,False,False,2014-10,Thorning-Schmidt II,Left
155,ParlaMint-DK_20141024125441,0.0,1.0,0.0,"Hansard of the session of the Danish Parliament (Folketinget), 20141, M8 (2014-10-24), final version",2014-10-24,,,20141,8,,,Reference,Chairperson,MP,-,RV,Radikale Venstre,Coalition,"Loklindt, Lone",F,1960,Forhandling af R 2: Om det nordiske samarbejde 2013-2014.,False,False,2014-10,Thorning-Schmidt II,Left
156,ParlaMint-DK_20141024125442,-1.3123757504164995,196.0,-0.00669579464498214,"Hansard of the session of the Danish Parliament (Folketinget), 20141, M8 (2014-10-24), final version",2014-10-24,,,20141,8,,,Reference,Regular,MP,Minister,S,Socialdemokratiet,Coalition,"Hansen, Carsten",M,1957,Forhandling af R 2: Om det nordiske samarbejde 2013-2014.,False,False,2014-10,Thorning-Schmidt II,Left
157,ParlaMint-DK_20141024125531,0.0,10.0,0.0,"Hansard of the session of the Danish Parliament (Folketinget), 20141, M8 (2014-10-24), final version",2014-10-24,,,20141,8,,,Reference,Chairperson,MP,-,RV,Radikale Venstre,Coalition,"Loklindt, Lone",F,1960,Forhandling af R 2: Om det nordiske samarbejde 2013-2014.,False,False,2014-10,Thorning-Schmidt II,Left